wine_name,filename,image_type,model_version,reason
1890 Пино Нуар,,crop,base,not_found
1890 Пино Нуар,,full,base,not_found
1890 Пино Нуар,,crop,finetuned,not_found
1890 Пино Нуар,,full,finetuned,not_found
Каберне Совиньон,,crop,base,ambiguous
Каберне Совиньон,,full,base,ambiguous
Каберне Совиньон,,crop,finetuned,ambiguous
Каберне Совиньон,,full,finetuned,ambiguous
Новый Свет. Шардоне Кюве Де Престиж,,crop,base,ambiguous
Новый Свет. Шардоне Кюве Де Престиж,,full,base,ambiguous
Новый Свет. Шардоне Кюве Де Престиж,,crop,finetuned,ambiguous
Новый Свет. Шардоне Кюве Де Престиж,,full,finetuned,ambiguous
Новый Свет. Шардоне Кюве де Престиж,,crop,base,ambiguous
Новый Свет. Шардоне Кюве де Престиж,,full,base,ambiguous
Новый Свет. Шардоне Кюве де Престиж,,crop,finetuned,ambiguous
Новый Свет. Шардоне Кюве де Престиж,,full,finetuned,ambiguous
YAIYLA VERMENTINO ORANGE,,crop,base,not_found
YAIYLA VERMENTINO ORANGE,,full,base,not_found
YAIYLA VERMENTINO ORANGE,,crop,finetuned,not_found
YAIYLA VERMENTINO ORANGE,,full,finetuned,not_found
"Жемчужная 9 Цитрон, Шардоне",,crop,base,ambiguous
"Жемчужная 9 Цитрон, Шардоне",,full,base,ambiguous
"Жемчужная 9 Цитрон, Шардоне",,crop,finetuned,ambiguous
"Жемчужная 9 Цитрон, Шардоне",,full,finetuned,ambiguous
Locantita Merlot-Cabernet Franc,,crop,base,not_found
Locantita Merlot-Cabernet Franc,,full,base,not_found
Locantita Merlot-Cabernet Franc,,crop,finetuned,not_found
Locantita Merlot-Cabernet Franc,,full,finetuned,not_found
Кавказиан,,crop,base,ambiguous
Кавказиан,,full,base,ambiguous
Кавказиан,,crop,finetuned,ambiguous
Кавказиан,,full,finetuned,ambiguous
Cantiani Riesling,,crop,base,ambiguous
Cantiani Riesling,,full,base,ambiguous
Cantiani Riesling,,crop,finetuned,ambiguous
Cantiani Riesling,,full,finetuned,ambiguous
Cantiani Rkatsiteli,,crop,base,ambiguous
Cantiani Rkatsiteli,,full,base,ambiguous
Cantiani Rkatsiteli,,crop,finetuned,ambiguous
Cantiani Rkatsiteli,,full,finetuned,ambiguous
Cantiani Riesling,,crop,base,ambiguous
Cantiani Riesling,,full,base,ambiguous
Cantiani Riesling,,crop,finetuned,ambiguous
Cantiani Riesling,,full,finetuned,ambiguous
Cantiani Rkatsiteli,,crop,base,ambiguous
Cantiani Rkatsiteli,,full,base,ambiguous
Cantiani Rkatsiteli,,crop,finetuned,ambiguous
Cantiani Rkatsiteli,,full,finetuned,ambiguous
"Жемчужная 9 Цитрон, Шардоне",,crop,base,ambiguous
"Жемчужная 9 Цитрон, Шардоне",,full,base,ambiguous
"Жемчужная 9 Цитрон, Шардоне",,crop,finetuned,ambiguous
"Жемчужная 9 Цитрон, Шардоне",,full,finetuned,ambiguous
Ди Каспико,,crop,base,ambiguous
Ди Каспико,,full,base,ambiguous
Ди Каспико,,crop,finetuned,ambiguous
Ди Каспико,,full,finetuned,ambiguous
Эндемы Каберне Совиньон,,crop,base,ambiguous
Эндемы Каберне Совиньон,,full,base,ambiguous
Эндемы Каберне Совиньон,,crop,finetuned,ambiguous
Эндемы Каберне Совиньон,,full,finetuned,ambiguous
Эндемы Саперави,,crop,base,ambiguous
Эндемы Саперави,,full,base,ambiguous
Эндемы Саперави,,crop,finetuned,ambiguous
Эндемы Саперави,,full,finetuned,ambiguous
Розе,,crop,base,ambiguous
Розе,,full,base,ambiguous
Розе,,crop,finetuned,ambiguous
Розе,,full,finetuned,ambiguous
Гевюрцтраминер Оранж,,crop,base,not_found
Гевюрцтраминер Оранж,,full,base,not_found
Гевюрцтраминер Оранж,,crop,finetuned,not_found
Гевюрцтраминер Оранж,,full,finetuned,not_found
Каберне Фран Гусевъ,,crop,base,not_found
Каберне Фран Гусевъ,,full,base,not_found
Каберне Фран Гусевъ,,crop,finetuned,not_found
Каберне Фран Гусевъ,,full,finetuned,not_found
"Улыбка ветра, Совиньон Блан",,crop,base,not_found
"Улыбка ветра, Совиньон Блан",,full,base,not_found
"Улыбка ветра, Совиньон Блан",,crop,finetuned,not_found
"Улыбка ветра, Совиньон Блан",,full,finetuned,not_found
"Улыбка ветра, Шардоне",,crop,base,not_found
"Улыбка ветра, Шардоне",,full,base,not_found
"Улыбка ветра, Шардоне",,crop,finetuned,not_found
"Улыбка ветра, Шардоне",,full,finetuned,not_found
"Улыбка ветра, Каберне Совиньон",,crop,base,not_found
"Улыбка ветра, Каберне Совиньон",,full,base,not_found
"Улыбка ветра, Каберне Совиньон",,crop,finetuned,not_found
"Улыбка ветра, Каберне Совиньон",,full,finetuned,not_found
"Улыбка ветра, Мерло",,crop,base,not_found
"Улыбка ветра, Мерло",,full,base,not_found
"Улыбка ветра, Мерло",,crop,finetuned,not_found
"Улыбка ветра, Мерло",,full,finetuned,not_found
"Винные краски, Совиньон Блан",,crop,base,not_found
"Винные краски, Совиньон Блан",,full,base,not_found
"Винные краски, Совиньон Блан",,crop,finetuned,not_found
"Винные краски, Совиньон Блан",,full,finetuned,not_found
"Винные краски, Шардоне",,crop,base,not_found
"Винные краски, Шардоне",,full,base,not_found
"Винные краски, Шардоне",,crop,finetuned,not_found
"Винные краски, Шардоне",,full,finetuned,not_found
"Винные краски, Каберне Совиньон",,crop,base,not_found
"Винные краски, Каберне Совиньон",,full,base,not_found
"Винные краски, Каберне Совиньон",,crop,finetuned,not_found
"Винные краски, Каберне Совиньон",,full,finetuned,not_found
"Винные краски, Мерло",,crop,base,not_found
"Винные краски, Мерло",,full,base,not_found
"Винные краски, Мерло",,crop,finetuned,not_found
"Винные краски, Мерло",,full,finetuned,not_found
Chardonnay 2024,,crop,base,not_found
Chardonnay 2024,,full,base,not_found
Chardonnay 2024,,crop,finetuned,not_found
Chardonnay 2024,,full,finetuned,not_found
Cabernet Franc 2024,,crop,base,not_found
Cabernet Franc 2024,,full,base,not_found
Cabernet Franc 2024,,crop,finetuned,not_found
Cabernet Franc 2024,,full,finetuned,not_found
Каберне Фран Резерв,,crop,base,ambiguous
Каберне Фран Резерв,,full,base,ambiguous
Каберне Фран Резерв,,crop,finetuned,ambiguous
Каберне Фран Резерв,,full,finetuned,ambiguous
"Жемчужная 9 Каберне Совиньон, Пино Нуар",,crop,base,ambiguous
"Жемчужная 9 Каберне Совиньон, Пино Нуар",,full,base,ambiguous
"Жемчужная 9 Каберне Совиньон, Пино Нуар",,crop,finetuned,ambiguous
"Жемчужная 9 Каберне Совиньон, Пино Нуар",,full,finetuned,ambiguous
"Жемчужная 9 Каберне Совиньон, Пино Нуар",,crop,base,ambiguous
"Жемчужная 9 Каберне Совиньон, Пино Нуар",,full,base,ambiguous
"Жемчужная 9 Каберне Совиньон, Пино Нуар",,crop,finetuned,ambiguous
"Жемчужная 9 Каберне Совиньон, Пино Нуар",,full,finetuned,ambiguous
АРАТТИ Каберне по-белому,,crop,base,ambiguous
АРАТТИ Каберне по-белому,,full,base,ambiguous
АРАТТИ Каберне по-белому,,crop,finetuned,ambiguous
АРАТТИ Каберне по-белому,,full,finetuned,ambiguous
АРАТТИ Каберне по-белому,,crop,base,ambiguous
АРАТТИ Каберне по-белому,,full,base,ambiguous
АРАТТИ Каберне по-белому,,crop,finetuned,ambiguous
АРАТТИ Каберне по-белому,,full,finetuned,ambiguous
Мускат,,crop,base,ambiguous
Мускат,,full,base,ambiguous
Мускат,,crop,finetuned,ambiguous
Мускат,,full,finetuned,ambiguous
Мускат Премиум,,crop,base,not_found
Мускат Премиум,,full,base,not_found
Мускат Премиум,,crop,finetuned,not_found
Мускат Премиум,,full,finetuned,not_found
Совиньон Блан,,crop,base,ambiguous
Совиньон Блан,,full,base,ambiguous
Совиньон Блан,,crop,finetuned,ambiguous
Совиньон Блан,,full,finetuned,ambiguous
Pinoy Noir,,crop,base,not_found
Pinoy Noir,,full,base,not_found
Pinoy Noir,,crop,finetuned,not_found
Pinoy Noir,,full,finetuned,not_found
Мерло,,crop,base,ambiguous
Мерло,,full,base,ambiguous
Мерло,,crop,finetuned,ambiguous
Мерло,,full,finetuned,ambiguous
Саперави,,crop,base,ambiguous
Саперави,,full,base,ambiguous
Саперави,,crop,finetuned,ambiguous
Саперави,,full,finetuned,ambiguous
Совиньон Блан,,crop,base,ambiguous
Совиньон Блан,,full,base,ambiguous
Совиньон Блан,,crop,finetuned,ambiguous
Совиньон Блан,,full,finetuned,ambiguous
Каберне Совиньон,,crop,base,ambiguous
Каберне Совиньон,,full,base,ambiguous
Каберне Совиньон,,crop,finetuned,ambiguous
Каберне Совиньон,,full,finetuned,ambiguous
Рислинг,,crop,base,ambiguous
Рислинг,,full,base,ambiguous
Рислинг,,crop,finetuned,ambiguous
Рислинг,,full,finetuned,ambiguous
Веселая горка,,crop,base,not_found
Веселая горка,,full,base,not_found
Веселая горка,,crop,finetuned,not_found
Веселая горка,,full,finetuned,not_found
Домашняя горка,,crop,base,not_found
Домашняя горка,,full,base,not_found
Домашняя горка,,crop,finetuned,not_found
Домашняя горка,,full,finetuned,not_found
Мерло,,crop,base,ambiguous
Мерло,,full,base,ambiguous
Мерло,,crop,finetuned,ambiguous
Мерло,,full,finetuned,ambiguous
Мерло,,crop,base,ambiguous
Мерло,,full,base,ambiguous
Мерло,,crop,finetuned,ambiguous
Мерло,,full,finetuned,ambiguous
Молодое. Шато Тамань,,crop,base,ambiguous
Молодое. Шато Тамань,,full,base,ambiguous
Молодое. Шато Тамань,,crop,finetuned,ambiguous
Молодое. Шато Тамань,,full,finetuned,ambiguous
Молодое. Шато Тамань,,crop,base,ambiguous
Молодое. Шато Тамань,,full,base,ambiguous
Молодое. Шато Тамань,,crop,finetuned,ambiguous
Молодое. Шато Тамань,,full,finetuned,ambiguous
Мускат,,crop,base,ambiguous
Мускат,,full,base,ambiguous
Мускат,,crop,finetuned,ambiguous
Мускат,,full,finetuned,ambiguous
Мускат Оранж,,crop,base,ambiguous
Мускат Оранж,,full,base,ambiguous
Мускат Оранж,,crop,finetuned,ambiguous
Мускат Оранж,,full,finetuned,ambiguous
YAIYLA MUSCAT ORANGE,,crop,base,not_found
YAIYLA MUSCAT ORANGE,,full,base,not_found
YAIYLA MUSCAT ORANGE,,crop,finetuned,not_found
YAIYLA MUSCAT ORANGE,,full,finetuned,not_found
Белое сухое,,crop,base,ambiguous
Белое сухое,,full,base,ambiguous
Белое сухое,,crop,finetuned,ambiguous
Белое сухое,,full,finetuned,ambiguous
Розовое полусладкое,,crop,base,ambiguous
Розовое полусладкое,,full,base,ambiguous
Розовое полусладкое,,crop,finetuned,ambiguous
Розовое полусладкое,,full,finetuned,ambiguous
Розовое полусладкое,,crop,base,ambiguous
Розовое полусладкое,,full,base,ambiguous
Розовое полусладкое,,crop,finetuned,ambiguous
Розовое полусладкое,,full,finetuned,ambiguous
Шардоне,,crop,base,ambiguous
Шардоне,,full,base,ambiguous
Шардоне,,crop,finetuned,ambiguous
Шардоне,,full,finetuned,ambiguous
YAIYLA PETIT MANSENG,,crop,base,not_found
YAIYLA PETIT MANSENG,,full,base,not_found
YAIYLA PETIT MANSENG,,crop,finetuned,not_found
YAIYLA PETIT MANSENG,,full,finetuned,not_found
"Жемчужная 9 Пино нуар, Мускат Розовый",,crop,base,ambiguous
"Жемчужная 9 Пино нуар, Мускат Розовый",,full,base,ambiguous
"Жемчужная 9 Пино нуар, Мускат Розовый",,crop,finetuned,ambiguous
"Жемчужная 9 Пино нуар, Мускат Розовый",,full,finetuned,ambiguous
"Жемчужная 9 Пино Нуар, Мускат розовый",,crop,base,ambiguous
"Жемчужная 9 Пино Нуар, Мускат розовый",,full,base,ambiguous
"Жемчужная 9 Пино Нуар, Мускат розовый",,crop,finetuned,ambiguous
"Жемчужная 9 Пино Нуар, Мускат розовый",,full,finetuned,ambiguous
"Жемчужная 9 Пино Нуар, Мускат Розовый",,crop,base,ambiguous
"Жемчужная 9 Пино Нуар, Мускат Розовый",,full,base,ambiguous
"Жемчужная 9 Пино Нуар, Мускат Розовый",,crop,finetuned,ambiguous
"Жемчужная 9 Пино Нуар, Мускат Розовый",,full,finetuned,ambiguous
Красностоп ДВА ДУБКА,,crop,base,not_found
Красностоп ДВА ДУБКА,,full,base,not_found
Красностоп ДВА ДУБКА,,crop,finetuned,not_found
Красностоп ДВА ДУБКА,,full,finetuned,not_found
Саперави ДВА ДУБКА,,crop,base,not_found
Саперави ДВА ДУБКА,,full,base,not_found
Саперави ДВА ДУБКА,,crop,finetuned,not_found
Саперави ДВА ДУБКА,,full,finetuned,not_found
Глу-Глу Сенетх,,crop,base,not_found
Глу-Глу Сенетх,,full,base,not_found
Глу-Глу Сенетх,,crop,finetuned,not_found
Глу-Глу Сенетх,,full,finetuned,not_found
Хихви Суета,,crop,base,not_found
Хихви Суета,,full,base,not_found
Хихви Суета,,crop,finetuned,not_found
Хихви Суета,,full,finetuned,not_found
Мцване Суета,,crop,base,not_found
Мцване Суета,,full,base,not_found
Мцване Суета,,crop,finetuned,not_found
Мцване Суета,,full,finetuned,not_found
Вионье ДВА ДУБКА,,crop,base,not_found
Вионье ДВА ДУБКА,,full,base,not_found
Вионье ДВА ДУБКА,,crop,finetuned,not_found
Вионье ДВА ДУБКА,,full,finetuned,not_found
Прибой Марченко красное полусухое,,crop,base,not_found
Прибой Марченко красное полусухое,,full,base,not_found
Прибой Марченко красное полусухое,,crop,finetuned,not_found
Прибой Марченко красное полусухое,,full,finetuned,not_found
Прибой Марченко розовое полусухое,,crop,base,not_found
Прибой Марченко розовое полусухое,,full,base,not_found
Прибой Марченко розовое полусухое,,crop,finetuned,not_found
Прибой Марченко розовое полусухое,,full,finetuned,not_found
YAIYLA RIESLING,,crop,base,not_found
YAIYLA RIESLING,,full,base,not_found
YAIYLA RIESLING,,crop,finetuned,not_found
YAIYLA RIESLING,,full,finetuned,not_found
Ркацители Оранж,,crop,base,ambiguous
Ркацители Оранж,,full,base,ambiguous
Ркацители Оранж,,crop,finetuned,ambiguous
Ркацители Оранж,,full,finetuned,ambiguous
Розе,,crop,base,ambiguous
Розе,,full,base,ambiguous
Розе,,crop,finetuned,ambiguous
Розе,,full,finetuned,ambiguous
Совиньон Блан,,crop,base,ambiguous
Совиньон Блан,,full,base,ambiguous
Совиньон Блан,,crop,finetuned,ambiguous
Совиньон Блан,,full,finetuned,ambiguous
Рислинг ДВА ДУБКА,,crop,base,not_found
Рислинг ДВА ДУБКА,,full,base,not_found
Рислинг ДВА ДУБКА,,crop,finetuned,not_found
Рислинг ДВА ДУБКА,,full,finetuned,not_found
Рислинг,,crop,base,ambiguous
Рислинг,,full,base,ambiguous
Рислинг,,crop,finetuned,ambiguous
Рислинг,,full,finetuned,ambiguous
Блан де Блан,,crop,base,ambiguous
Блан де Блан,,full,base,ambiguous
Блан де Блан,,crop,finetuned,ambiguous
Блан де Блан,,full,finetuned,ambiguous
Розе,,crop,base,ambiguous
Розе,,full,base,ambiguous
Розе,,crop,finetuned,ambiguous
Розе,,full,finetuned,ambiguous
Рубин Голодриги,,crop,base,ambiguous
Рубин Голодриги,,full,base,ambiguous
Рубин Голодриги,,crop,finetuned,ambiguous
Рубин Голодриги,,full,finetuned,ambiguous
Каберне Совиньон,,crop,base,ambiguous
Каберне Совиньон,,full,base,ambiguous
Каберне Совиньон,,crop,finetuned,ambiguous
Каберне Совиньон,,full,finetuned,ambiguous
Цитрон,,crop,base,ambiguous
Цитрон,,full,base,ambiguous
Цитрон,,crop,finetuned,ambiguous
Цитрон,,full,finetuned,ambiguous
Поздний сбор  Белое,,crop,base,not_found
Поздний сбор  Белое,,full,base,not_found
Поздний сбор  Белое,,crop,finetuned,not_found
Поздний сбор  Белое,,full,finetuned,not_found
Семильон Резерв,,crop,base,ambiguous
Семильон Резерв,,full,base,ambiguous
Семильон Резерв,,crop,finetuned,ambiguous
Семильон Резерв,,full,finetuned,ambiguous
Шато Тамань. GRAPE DANCE,,crop,base,ambiguous
Шато Тамань. GRAPE DANCE,,full,base,ambiguous
Шато Тамань. GRAPE DANCE,,crop,finetuned,ambiguous
Шато Тамань. GRAPE DANCE,,full,finetuned,ambiguous
Шато Тамань. GRAPE DANCE,,crop,base,ambiguous
Шато Тамань. GRAPE DANCE,,full,base,ambiguous
Шато Тамань. GRAPE DANCE,,crop,finetuned,ambiguous
Шато Тамань. GRAPE DANCE,,full,finetuned,ambiguous
Шато Тамань Брют,,crop,base,ambiguous
Шато Тамань Брют,,full,base,ambiguous
Шато Тамань Брют,,crop,finetuned,ambiguous
Шато Тамань Брют,,full,finetuned,ambiguous
Шато Тамань Брют,,crop,base,ambiguous
Шато Тамань Брют,,full,base,ambiguous
Шато Тамань Брют,,crop,finetuned,ambiguous
Шато Тамань Брют,,full,finetuned,ambiguous
Шардоне,,crop,base,ambiguous
Шардоне,,full,base,ambiguous
Шардоне,,crop,finetuned,ambiguous
Шардоне,,full,finetuned,ambiguous
Pinot Noir 2024,,crop,base,not_found
Pinot Noir 2024,,full,base,not_found
Pinot Noir 2024,,crop,finetuned,not_found
Pinot Noir 2024,,full,finetuned,not_found
Приват,,crop,base,ambiguous
Приват,,full,base,ambiguous
Приват,,crop,finetuned,ambiguous
Приват,,full,finetuned,ambiguous
Вионье Нюаж Зеро Дозаж,,crop,base,not_found
Вионье Нюаж Зеро Дозаж,,full,base,not_found
Вионье Нюаж Зеро Дозаж,,crop,finetuned,not_found
Вионье Нюаж Зеро Дозаж,,full,finetuned,not_found
Эндемы Саперави,,crop,base,ambiguous
Эндемы Саперави,,full,base,ambiguous
Эндемы Саперави,,crop,finetuned,ambiguous
Эндемы Саперави,,full,finetuned,ambiguous
Эндемы Шардоне,,crop,base,ambiguous
Эндемы Шардоне,,full,base,ambiguous
Эндемы Шардоне,,crop,finetuned,ambiguous
Эндемы Шардоне,,full,finetuned,ambiguous
Эндемы Совиньон,,crop,base,ambiguous
Эндемы Совиньон,,full,base,ambiguous
Эндемы Совиньон,,crop,finetuned,ambiguous
Эндемы Совиньон,,full,finetuned,ambiguous
Высокий берег Рислинг. Зеленая серия,,crop,base,ambiguous
Высокий берег Рислинг. Зеленая серия,,full,base,ambiguous
Высокий берег Рислинг. Зеленая серия,,crop,finetuned,ambiguous
Высокий берег Рислинг. Зеленая серия,,full,finetuned,ambiguous
Высокий берег Рислинг. Зеленая серия,,crop,base,ambiguous
Высокий берег Рислинг. Зеленая серия,,full,base,ambiguous
Высокий берег Рислинг. Зеленая серия,,crop,finetuned,ambiguous
Высокий берег Рислинг. Зеленая серия,,full,finetuned,ambiguous
Высокий берег Рислинг. Зеленая серия,,crop,base,ambiguous
Высокий берег Рислинг. Зеленая серия,,full,base,ambiguous
Высокий берег Рислинг. Зеленая серия,,crop,finetuned,ambiguous
Высокий берег Рислинг. Зеленая серия,,full,finetuned,ambiguous
YAIYLA MALBEC,,crop,base,not_found
YAIYLA MALBEC,,full,base,not_found
YAIYLA MALBEC,,crop,finetuned,not_found
YAIYLA MALBEC,,full,finetuned,not_found
Пино Нуар,,crop,base,ambiguous
Пино Нуар,,full,base,ambiguous
Пино Нуар,,crop,finetuned,ambiguous
Пино Нуар,,full,finetuned,ambiguous
Brut d'Or Blanc de Noirs,,crop,base,ambiguous
Brut d'Or Blanc de Noirs,,full,base,ambiguous
Brut d'Or Blanc de Noirs,,crop,finetuned,ambiguous
Brut d'Or Blanc de Noirs,,full,finetuned,ambiguous
Brut d'Or Blanc de Noirs,,crop,base,ambiguous
Brut d'Or Blanc de Noirs,,full,base,ambiguous
Brut d'Or Blanc de Noirs,,crop,finetuned,ambiguous
Brut d'Or Blanc de Noirs,,full,finetuned,ambiguous
Каберне Совиньон,,crop,base,ambiguous
Каберне Совиньон,,full,base,ambiguous
Каберне Совиньон,,crop,finetuned,ambiguous
Каберне Совиньон,,full,finetuned,ambiguous
Пино Нуар,,crop,base,ambiguous
Пино Нуар,,full,base,ambiguous
Пино Нуар,,crop,finetuned,ambiguous
Пино Нуар,,full,finetuned,ambiguous
Пино Нуар,,crop,base,ambiguous
Пино Нуар,,full,base,ambiguous
Пино Нуар,,crop,finetuned,ambiguous
Пино Нуар,,full,finetuned,ambiguous
Рислинг,,crop,base,ambiguous
Рислинг,,full,base,ambiguous
Рислинг,,crop,finetuned,ambiguous
Рислинг,,full,finetuned,ambiguous
Рислинг,,crop,base,ambiguous
Рислинг,,full,base,ambiguous
Рислинг,,crop,finetuned,ambiguous
Рислинг,,full,finetuned,ambiguous
Шардоне,,crop,base,ambiguous
Шардоне,,full,base,ambiguous
Шардоне,,crop,finetuned,ambiguous
Шардоне,,full,finetuned,ambiguous
Шардоне,,crop,base,ambiguous
Шардоне,,full,base,ambiguous
Шардоне,,crop,finetuned,ambiguous
Шардоне,,full,finetuned,ambiguous
Heritage DG Skin contact Rkatsiteli,,crop,base,ambiguous
Heritage DG Skin contact Rkatsiteli,,full,base,ambiguous
Heritage DG Skin contact Rkatsiteli,,crop,finetuned,ambiguous
Heritage DG Skin contact Rkatsiteli,,full,finetuned,ambiguous
Heritage DG Skin contact Rkatsiteli,,crop,base,ambiguous
Heritage DG Skin contact Rkatsiteli,,full,base,ambiguous
Heritage DG Skin contact Rkatsiteli,,crop,finetuned,ambiguous
Heritage DG Skin contact Rkatsiteli,,full,finetuned,ambiguous
Гравити,,crop,base,ambiguous
Гравити,,full,base,ambiguous
Гравити,,crop,finetuned,ambiguous
Гравити,,full,finetuned,ambiguous
Гравити,,crop,base,ambiguous
Гравити,,full,base,ambiguous
Гравити,,crop,finetuned,ambiguous
Гравити,,full,finetuned,ambiguous
Каберне Фран,,crop,base,ambiguous
Каберне Фран,,full,base,ambiguous
Каберне Фран,,crop,finetuned,ambiguous
Каберне Фран,,full,finetuned,ambiguous
Каберне Фран Резерв,,crop,base,ambiguous
Каберне Фран Резерв,,full,base,ambiguous
Каберне Фран Резерв,,crop,finetuned,ambiguous
Каберне Фран Резерв,,full,finetuned,ambiguous
Каберне Совиньон Резерв,,crop,base,ambiguous
Каберне Совиньон Резерв,,full,base,ambiguous
Каберне Совиньон Резерв,,crop,finetuned,ambiguous
Каберне Совиньон Резерв,,full,finetuned,ambiguous
Кокур,,crop,base,ambiguous
Кокур,,full,base,ambiguous
Кокур,,crop,finetuned,ambiguous
Кокур,,full,finetuned,ambiguous
Мерло,,crop,base,ambiguous
Мерло,,full,base,ambiguous
Мерло,,crop,finetuned,ambiguous
Мерло,,full,finetuned,ambiguous
Мерло Резерв,,crop,base,ambiguous
Мерло Резерв,,full,base,ambiguous
Мерло Резерв,,crop,finetuned,ambiguous
Мерло Резерв,,full,finetuned,ambiguous
Мерло Резерв,,crop,base,ambiguous
Мерло Резерв,,full,base,ambiguous
Мерло Резерв,,crop,finetuned,ambiguous
Мерло Резерв,,full,finetuned,ambiguous
Пино Блан,,crop,base,ambiguous
Пино Блан,,full,base,ambiguous
Пино Блан,,crop,finetuned,ambiguous
Пино Блан,,full,finetuned,ambiguous
Пино Гри,,crop,base,ambiguous
Пино Гри,,full,base,ambiguous
Пино Гри,,crop,finetuned,ambiguous
Пино Гри,,full,finetuned,ambiguous
Пино Нуар,,crop,base,ambiguous
Пино Нуар,,full,base,ambiguous
Пино Нуар,,crop,finetuned,ambiguous
Пино Нуар,,full,finetuned,ambiguous
Пино Нуар,,crop,base,ambiguous
Пино Нуар,,full,base,ambiguous
Пино Нуар,,crop,finetuned,ambiguous
Пино Нуар,,full,finetuned,ambiguous
Пино Нуар Резерв,,crop,base,ambiguous
Пино Нуар Резерв,,full,base,ambiguous
Пино Нуар Резерв,,crop,finetuned,ambiguous
Пино Нуар Резерв,,full,finetuned,ambiguous
Рислинг,,crop,base,ambiguous
Рислинг,,full,base,ambiguous
Рислинг,,crop,finetuned,ambiguous
Рислинг,,full,finetuned,ambiguous
Шардоне,,crop,base,ambiguous
Шардоне,,full,base,ambiguous
Шардоне,,crop,finetuned,ambiguous
Шардоне,,full,finetuned,ambiguous
Шардоне Резерв,,crop,base,ambiguous
Шардоне Резерв,,full,base,ambiguous
Шардоне Резерв,,crop,finetuned,ambiguous
Шардоне Резерв,,full,finetuned,ambiguous
Шардоне Резерв,,crop,base,ambiguous
Шардоне Резерв,,full,base,ambiguous
Шардоне Резерв,,crop,finetuned,ambiguous
Шардоне Резерв,,full,finetuned,ambiguous
Шираз,,crop,base,ambiguous
Шираз,,full,base,ambiguous
Шираз,,crop,finetuned,ambiguous
Шираз,,full,finetuned,ambiguous
"Солнце, воздух, виноград",,crop,base,ambiguous
"Солнце, воздух, виноград",,full,base,ambiguous
"Солнце, воздух, виноград",,crop,finetuned,ambiguous
"Солнце, воздух, виноград",,full,finetuned,ambiguous
"Солнце, воздух, виноград",,crop,base,ambiguous
"Солнце, воздух, виноград",,full,base,ambiguous
"Солнце, воздух, виноград",,crop,finetuned,ambiguous
"Солнце, воздух, виноград",,full,finetuned,ambiguous
"Солнце, воздух, виноград",,crop,base,ambiguous
"Солнце, воздух, виноград",,full,base,ambiguous
"Солнце, воздух, виноград",,crop,finetuned,ambiguous
"Солнце, воздух, виноград",,full,finetuned,ambiguous
"Солнце, воздух, виноград",,crop,base,ambiguous
"Солнце, воздух, виноград",,full,base,ambiguous
"Солнце, воздух, виноград",,crop,finetuned,ambiguous
"Солнце, воздух, виноград",,full,finetuned,ambiguous
"Солнце, воздух, виноград",,crop,base,ambiguous
"Солнце, воздух, виноград",,full,base,ambiguous
"Солнце, воздух, виноград",,crop,finetuned,ambiguous
"Солнце, воздух, виноград",,full,finetuned,ambiguous
Совиньон Блан,,crop,base,ambiguous
Совиньон Блан,,full,base,ambiguous
Совиньон Блан,,crop,finetuned,ambiguous
Совиньон Блан,,full,finetuned,ambiguous
Темпранильо,,crop,base,ambiguous
Темпранильо,,full,base,ambiguous
Темпранильо,,crop,finetuned,ambiguous
Темпранильо,,full,finetuned,ambiguous
Траминер,,crop,base,ambiguous
Траминер,,full,base,ambiguous
Траминер,,crop,finetuned,ambiguous
Траминер,,full,finetuned,ambiguous
Пино Нуар,,crop,base,ambiguous
Пино Нуар,,full,base,ambiguous
Пино Нуар,,crop,finetuned,ambiguous
Пино Нуар,,full,finetuned,ambiguous
Рислинг,,crop,base,ambiguous
Рислинг,,full,base,ambiguous
Рислинг,,crop,finetuned,ambiguous
Рислинг,,full,finetuned,ambiguous
Шенен Блан,,crop,base,ambiguous
Шенен Блан,,full,base,ambiguous
Шенен Блан,,crop,finetuned,ambiguous
Шенен Блан,,full,finetuned,ambiguous
Вионье,,crop,base,ambiguous
Вионье,,full,base,ambiguous
Вионье,,crop,finetuned,ambiguous
Вионье,,full,finetuned,ambiguous
Шенен Блан,,crop,base,ambiguous
Шенен Блан,,full,base,ambiguous
Шенен Блан,,crop,finetuned,ambiguous
Шенен Блан,,full,finetuned,ambiguous
Evolution Pinot Noir,,crop,base,ambiguous
Evolution Pinot Noir,,full,base,ambiguous
Evolution Pinot Noir,,crop,finetuned,ambiguous
Evolution Pinot Noir,,full,finetuned,ambiguous
Purity in Syrah,,crop,base,ambiguous
Purity in Syrah,,full,base,ambiguous
Purity in Syrah,,crop,finetuned,ambiguous
Purity in Syrah,,full,finetuned,ambiguous
Purity in Syrah,,crop,base,ambiguous
Purity in Syrah,,full,base,ambiguous
Purity in Syrah,,crop,finetuned,ambiguous
Purity in Syrah,,full,finetuned,ambiguous
Каберне Фран,,crop,base,ambiguous
Каберне Фран,,full,base,ambiguous
Каберне Фран,,crop,finetuned,ambiguous
Каберне Фран,,full,finetuned,ambiguous
Пино Нуар,,crop,base,ambiguous
Пино Нуар,,full,base,ambiguous
Пино Нуар,,crop,finetuned,ambiguous
Пино Нуар,,full,finetuned,ambiguous
Рислинг,,crop,base,ambiguous
Рислинг,,full,base,ambiguous
Рислинг,,crop,finetuned,ambiguous
Рислинг,,full,finetuned,ambiguous
Сира,,crop,base,ambiguous
Сира,,full,base,ambiguous
Сира,,crop,finetuned,ambiguous
Сира,,full,finetuned,ambiguous
Алиготе,,crop,base,ambiguous
Алиготе,,full,base,ambiguous
Алиготе,,crop,finetuned,ambiguous
Алиготе,,full,finetuned,ambiguous
Белое сухое,,crop,base,ambiguous
Белое сухое,,full,base,ambiguous
Белое сухое,,crop,finetuned,ambiguous
Белое сухое,,full,finetuned,ambiguous
Каберне Фран,,crop,base,ambiguous
Каберне Фран,,full,base,ambiguous
Каберне Фран,,crop,finetuned,ambiguous
Каберне Фран,,full,finetuned,ambiguous
Каберне Совиньон,,crop,base,ambiguous
Каберне Совиньон,,full,base,ambiguous
Каберне Совиньон,,crop,finetuned,ambiguous
Каберне Совиньон,,full,finetuned,ambiguous
Кокур,,crop,base,ambiguous
Кокур,,full,base,ambiguous
Кокур,,crop,finetuned,ambiguous
Кокур,,full,finetuned,ambiguous
Мерло,,crop,base,ambiguous
Мерло,,full,base,ambiguous
Мерло,,crop,finetuned,ambiguous
Мерло,,full,finetuned,ambiguous
Мускат,,crop,base,ambiguous
Мускат,,full,base,ambiguous
Мускат,,crop,finetuned,ambiguous
Мускат,,full,finetuned,ambiguous
Мускат Оранж,,crop,base,ambiguous
Мускат Оранж,,full,base,ambiguous
Мускат Оранж,,crop,finetuned,ambiguous
Мускат Оранж,,full,finetuned,ambiguous
Пино Менье,,crop,base,ambiguous
Пино Менье,,full,base,ambiguous
Пино Менье,,crop,finetuned,ambiguous
Пино Менье,,full,finetuned,ambiguous
Пино Нуар,,crop,base,ambiguous
Пино Нуар,,full,base,ambiguous
Пино Нуар,,crop,finetuned,ambiguous
Пино Нуар,,full,finetuned,ambiguous
Пино Нуар Резерв,,crop,base,ambiguous
Пино Нуар Резерв,,full,base,ambiguous
Пино Нуар Резерв,,crop,finetuned,ambiguous
Пино Нуар Резерв,,full,finetuned,ambiguous
Пино Нуар розе,,crop,base,ambiguous
Пино Нуар розе,,full,base,ambiguous
Пино Нуар розе,,crop,finetuned,ambiguous
Пино Нуар розе,,full,finetuned,ambiguous
Рислинг. Поздний Сбор,,crop,base,ambiguous
Рислинг. Поздний Сбор,,full,base,ambiguous
Рислинг. Поздний Сбор,,crop,finetuned,ambiguous
Рислинг. Поздний Сбор,,full,finetuned,ambiguous
Рислинг,,crop,base,ambiguous
Рислинг,,full,base,ambiguous
Рислинг,,crop,finetuned,ambiguous
Рислинг,,full,finetuned,ambiguous
Ркацители,,crop,base,ambiguous
Ркацители,,full,base,ambiguous
Ркацители,,crop,finetuned,ambiguous
Ркацители,,full,finetuned,ambiguous
Розе Сира,,crop,base,ambiguous
Розе Сира,,full,base,ambiguous
Розе Сира,,crop,finetuned,ambiguous
Розе Сира,,full,finetuned,ambiguous
Санджовезе,,crop,base,ambiguous
Санджовезе,,full,base,ambiguous
Санджовезе,,crop,finetuned,ambiguous
Санджовезе,,full,finetuned,ambiguous
Саперави,,crop,base,ambiguous
Саперави,,full,base,ambiguous
Саперави,,crop,finetuned,ambiguous
Саперави,,full,finetuned,ambiguous
Семильон Резерв,,crop,base,ambiguous
Семильон Резерв,,full,base,ambiguous
Семильон Резерв,,crop,finetuned,ambiguous
Семильон Резерв,,full,finetuned,ambiguous
Совиньон Блан,,crop,base,ambiguous
Совиньон Блан,,full,base,ambiguous
Совиньон Блан,,crop,finetuned,ambiguous
Совиньон Блан,,full,finetuned,ambiguous
Пино Нуар,,crop,base,ambiguous
Пино Нуар,,full,base,ambiguous
Пино Нуар,,crop,finetuned,ambiguous
Пино Нуар,,full,finetuned,ambiguous
Рислинг,,crop,base,ambiguous
Рислинг,,full,base,ambiguous
Рислинг,,crop,finetuned,ambiguous
Рислинг,,full,finetuned,ambiguous
Сибирьковый,,crop,base,ambiguous
Сибирьковый,,full,base,ambiguous
Сибирьковый,,crop,finetuned,ambiguous
Сибирьковый,,full,finetuned,ambiguous
Совиньон Блан,,crop,base,ambiguous
Совиньон Блан,,full,base,ambiguous
Совиньон Блан,,crop,finetuned,ambiguous
Совиньон Блан,,full,finetuned,ambiguous
Каберне Фран,,crop,base,ambiguous
Каберне Фран,,full,base,ambiguous
Каберне Фран,,crop,finetuned,ambiguous
Каберне Фран,,full,finetuned,ambiguous
Каберне Совиньон,,crop,base,ambiguous
Каберне Совиньон,,full,base,ambiguous
Каберне Совиньон,,crop,finetuned,ambiguous
Каберне Совиньон,,full,finetuned,ambiguous
Кларет,,crop,base,ambiguous
Кларет,,full,base,ambiguous
Кларет,,crop,finetuned,ambiguous
Кларет,,full,finetuned,ambiguous
Мерло,,crop,base,ambiguous
Мерло,,full,base,ambiguous
Мерло,,crop,finetuned,ambiguous
Мерло,,full,finetuned,ambiguous
Мускат Оранж,,crop,base,ambiguous
Мускат Оранж,,full,base,ambiguous
Мускат Оранж,,crop,finetuned,ambiguous
Мускат Оранж,,full,finetuned,ambiguous
Пино Нуар,,crop,base,ambiguous
Пино Нуар,,full,base,ambiguous
Пино Нуар,,crop,finetuned,ambiguous
Пино Нуар,,full,finetuned,ambiguous
Ркацители Оранж,,crop,base,ambiguous
Ркацители Оранж,,full,base,ambiguous
Ркацители Оранж,,crop,finetuned,ambiguous
Ркацители Оранж,,full,finetuned,ambiguous
Восток розе,,crop,base,not_found
Восток розе,,full,base,not_found
Восток розе,,crop,finetuned,not_found
Восток розе,,full,finetuned,not_found
Санджовезе,,crop,base,ambiguous
Санджовезе,,full,base,ambiguous
Санджовезе,,crop,finetuned,ambiguous
Санджовезе,,full,finetuned,ambiguous
Алиготе,,crop,base,ambiguous
Алиготе,,full,base,ambiguous
Алиготе,,crop,finetuned,ambiguous
Алиготе,,full,finetuned,ambiguous
Каберне Фран,,crop,base,ambiguous
Каберне Фран,,full,base,ambiguous
Каберне Фран,,crop,finetuned,ambiguous
Каберне Фран,,full,finetuned,ambiguous
Каберне Совиньон,,crop,base,ambiguous
Каберне Совиньон,,full,base,ambiguous
Каберне Совиньон,,crop,finetuned,ambiguous
Каберне Совиньон,,full,finetuned,ambiguous
Мерло,,crop,base,ambiguous
Мерло,,full,base,ambiguous
Мерло,,crop,finetuned,ambiguous
Мерло,,full,finetuned,ambiguous
Пино Гри,,crop,base,ambiguous
Пино Гри,,full,base,ambiguous
Пино Гри,,crop,finetuned,ambiguous
Пино Гри,,full,finetuned,ambiguous
Пино Нуар,,crop,base,ambiguous
Пино Нуар,,full,base,ambiguous
Пино Нуар,,crop,finetuned,ambiguous
Пино Нуар,,full,finetuned,ambiguous
Пино Нуар розе,,crop,base,ambiguous
Пино Нуар розе,,full,base,ambiguous
Пино Нуар розе,,crop,finetuned,ambiguous
Пино Нуар розе,,full,finetuned,ambiguous
Рислинг,,crop,base,ambiguous
Рислинг,,full,base,ambiguous
Рислинг,,crop,finetuned,ambiguous
Рислинг,,full,finetuned,ambiguous
Шардоне,,crop,base,ambiguous
Шардоне,,full,base,ambiguous
Шардоне,,crop,finetuned,ambiguous
Шардоне,,full,finetuned,ambiguous
Совиньон Блан,,crop,base,ambiguous
Совиньон Блан,,full,base,ambiguous
Совиньон Блан,,crop,finetuned,ambiguous
Совиньон Блан,,full,finetuned,ambiguous
Траминер,,crop,base,ambiguous
Траминер,,full,base,ambiguous
Траминер,,crop,finetuned,ambiguous
Траминер,,full,finetuned,ambiguous
Пино Нуар,,crop,base,ambiguous
Пино Нуар,,full,base,ambiguous
Пино Нуар,,crop,finetuned,ambiguous
Пино Нуар,,full,finetuned,ambiguous
Рислинг,,crop,base,ambiguous
Рислинг,,full,base,ambiguous
Рислинг,,crop,finetuned,ambiguous
Рислинг,,full,finetuned,ambiguous
Шенен Блан,,crop,base,ambiguous
Шенен Блан,,full,base,ambiguous
Шенен Блан,,crop,finetuned,ambiguous
Шенен Блан,,full,finetuned,ambiguous
Сира,,crop,base,ambiguous
Сира,,full,base,ambiguous
Сира,,crop,finetuned,ambiguous
Сира,,full,finetuned,ambiguous
Вионье,,crop,base,ambiguous
Вионье,,full,base,ambiguous
Вионье,,crop,finetuned,ambiguous
Вионье,,full,finetuned,ambiguous
Каберне Фран Резерв,,crop,base,ambiguous
Каберне Фран Резерв,,full,base,ambiguous
Каберне Фран Резерв,,crop,finetuned,ambiguous
Каберне Фран Резерв,,full,finetuned,ambiguous
Каберне Совиньон Резерв,,crop,base,ambiguous
Каберне Совиньон Резерв,,full,base,ambiguous
Каберне Совиньон Резерв,,crop,finetuned,ambiguous
Каберне Совиньон Резерв,,full,finetuned,ambiguous
Красностоп Резерв,,crop,base,ambiguous
Красностоп Резерв,,full,base,ambiguous
Красностоп Резерв,,crop,finetuned,ambiguous
Красностоп Резерв,,full,finetuned,ambiguous
Мерло Резерв,,crop,base,ambiguous
Мерло Резерв,,full,base,ambiguous
Мерло Резерв,,crop,finetuned,ambiguous
Мерло Резерв,,full,finetuned,ambiguous
Мускат,,crop,base,ambiguous
Мускат,,full,base,ambiguous
Мускат,,crop,finetuned,ambiguous
Мускат,,full,finetuned,ambiguous
Розе,,crop,base,ambiguous
Розе,,full,base,ambiguous
Розе,,crop,finetuned,ambiguous
Розе,,full,finetuned,ambiguous
Шардоне Резерв,,crop,base,ambiguous
Шардоне Резерв,,full,base,ambiguous
Шардоне Резерв,,crop,finetuned,ambiguous
Шардоне Резерв,,full,finetuned,ambiguous
Красностоп Резерв,,crop,base,ambiguous
Красностоп Резерв,,full,base,ambiguous
Красностоп Резерв,,crop,finetuned,ambiguous
Красностоп Резерв,,full,finetuned,ambiguous
Chardonnay,,crop,base,ambiguous
Chardonnay,,full,base,ambiguous
Chardonnay,,crop,finetuned,ambiguous
Chardonnay,,full,finetuned,ambiguous
Fagotine,,crop,base,ambiguous
Fagotine,,full,base,ambiguous
Fagotine,,crop,finetuned,ambiguous
Fagotine,,full,finetuned,ambiguous
Fagotine,,crop,base,ambiguous
Fagotine,,full,base,ambiguous
Fagotine,,crop,finetuned,ambiguous
Fagotine,,full,finetuned,ambiguous
Merlot,,crop,base,ambiguous
Merlot,,full,base,ambiguous
Merlot,,crop,finetuned,ambiguous
Merlot,,full,finetuned,ambiguous
Саперави,,crop,base,ambiguous
Саперави,,full,base,ambiguous
Саперави,,crop,finetuned,ambiguous
Саперави,,full,finetuned,ambiguous
Сибирьковый,,crop,base,ambiguous
Сибирьковый,,full,base,ambiguous
Сибирьковый,,crop,finetuned,ambiguous
Сибирьковый,,full,finetuned,ambiguous
Восток красное,,crop,base,not_found
Восток красное,,full,base,not_found
Восток красное,,crop,finetuned,not_found
Восток красное,,full,finetuned,not_found
Гран Шен,,crop,base,not_found
Гран Шен,,full,base,not_found
Гран Шен,,crop,finetuned,not_found
Гран Шен,,full,finetuned,not_found
Ассамбляж,,crop,base,ambiguous
Ассамбляж,,full,base,ambiguous
Ассамбляж,,crop,finetuned,ambiguous
Ассамбляж,,full,finetuned,ambiguous
Пино Нуар,,crop,base,ambiguous
Пино Нуар,,full,base,ambiguous
Пино Нуар,,crop,finetuned,ambiguous
Пино Нуар,,full,finetuned,ambiguous
Рислинг,,crop,base,ambiguous
Рислинг,,full,base,ambiguous
Рислинг,,crop,finetuned,ambiguous
Рислинг,,full,finetuned,ambiguous
Ркацители,,crop,base,ambiguous
Ркацители,,full,base,ambiguous
Ркацители,,crop,finetuned,ambiguous
Ркацители,,full,finetuned,ambiguous
Совиньон Блан,,crop,base,ambiguous
Совиньон Блан,,full,base,ambiguous
Совиньон Блан,,crop,finetuned,ambiguous
Совиньон Блан,,full,finetuned,ambiguous
Цитрон,,crop,base,ambiguous
Цитрон,,full,base,ambiguous
Цитрон,,crop,finetuned,ambiguous
Цитрон,,full,finetuned,ambiguous
Ди Каспико,,crop,base,ambiguous
Ди Каспико,,full,base,ambiguous
Ди Каспико,,crop,finetuned,ambiguous
Ди Каспико,,full,finetuned,ambiguous
Ди Каспико,,crop,base,ambiguous
Ди Каспико,,full,base,ambiguous
Ди Каспико,,crop,finetuned,ambiguous
Ди Каспико,,full,finetuned,ambiguous
Ди Каспико,,crop,base,ambiguous
Ди Каспико,,full,base,ambiguous
Ди Каспико,,crop,finetuned,ambiguous
Ди Каспико,,full,finetuned,ambiguous
Эндемы Каберне Совиньон,,crop,base,ambiguous
Эндемы Каберне Совиньон,,full,base,ambiguous
Эндемы Каберне Совиньон,,crop,finetuned,ambiguous
Эндемы Каберне Совиньон,,full,finetuned,ambiguous
Эндемы Саперави,,crop,base,ambiguous
Эндемы Саперави,,full,base,ambiguous
Эндемы Саперави,,crop,finetuned,ambiguous
Эндемы Саперави,,full,finetuned,ambiguous
Эндемы Шардоне,,crop,base,ambiguous
Эндемы Шардоне,,full,base,ambiguous
Эндемы Шардоне,,crop,finetuned,ambiguous
Эндемы Шардоне,,full,finetuned,ambiguous
Эндемы Шардоне,,crop,base,ambiguous
Эндемы Шардоне,,full,base,ambiguous
Эндемы Шардоне,,crop,finetuned,ambiguous
Эндемы Шардоне,,full,finetuned,ambiguous
Эндемы Совиньон,,crop,base,ambiguous
Эндемы Совиньон,,full,base,ambiguous
Эндемы Совиньон,,crop,finetuned,ambiguous
Эндемы Совиньон,,full,finetuned,ambiguous
Кавказиан,,crop,base,ambiguous
Кавказиан,,full,base,ambiguous
Кавказиан,,crop,finetuned,ambiguous
Кавказиан,,full,finetuned,ambiguous
Пино Нуар розе,,crop,base,ambiguous
Пино Нуар розе,,full,base,ambiguous
Пино Нуар розе,,crop,finetuned,ambiguous
Пино Нуар розе,,full,finetuned,ambiguous
Рислинг,,crop,base,ambiguous
Рислинг,,full,base,ambiguous
Рислинг,,crop,finetuned,ambiguous
Рислинг,,full,finetuned,ambiguous
Пино Нуар,,crop,base,ambiguous
Пино Нуар,,full,base,ambiguous
Пино Нуар,,crop,finetuned,ambiguous
Пино Нуар,,full,finetuned,ambiguous
Пти Вердо,,crop,base,ambiguous
Пти Вердо,,full,base,ambiguous
Пти Вердо,,crop,finetuned,ambiguous
Пти Вердо,,full,finetuned,ambiguous
Рислинг,,crop,base,ambiguous
Рислинг,,full,base,ambiguous
Рислинг,,crop,finetuned,ambiguous
Рислинг,,full,finetuned,ambiguous
Розе Сира,,crop,base,ambiguous
Розе Сира,,full,base,ambiguous
Розе Сира,,crop,finetuned,ambiguous
Розе Сира,,full,finetuned,ambiguous
Совиньон Блан,,crop,base,ambiguous
Совиньон Блан,,full,base,ambiguous
Совиньон Блан,,crop,finetuned,ambiguous
Совиньон Блан,,full,finetuned,ambiguous
White Blend,,crop,base,ambiguous
White Blend,,full,base,ambiguous
White Blend,,crop,finetuned,ambiguous
White Blend,,full,finetuned,ambiguous
White Blend,,crop,base,ambiguous
White Blend,,full,base,ambiguous
White Blend,,crop,finetuned,ambiguous
White Blend,,full,finetuned,ambiguous
Каберне Фран,,crop,base,ambiguous
Каберне Фран,,full,base,ambiguous
Каберне Фран,,crop,finetuned,ambiguous
Каберне Фран,,full,finetuned,ambiguous
Мерло,,crop,base,ambiguous
Мерло,,full,base,ambiguous
Мерло,,crop,finetuned,ambiguous
Мерло,,full,finetuned,ambiguous
Пино Нуар,,crop,base,ambiguous
Пино Нуар,,full,base,ambiguous
Пино Нуар,,crop,finetuned,ambiguous
Пино Нуар,,full,finetuned,ambiguous
Рислинг,,crop,base,ambiguous
Рислинг,,full,base,ambiguous
Рислинг,,crop,finetuned,ambiguous
Рислинг,,full,finetuned,ambiguous
Шардоне,,crop,base,ambiguous
Шардоне,,full,base,ambiguous
Шардоне,,crop,finetuned,ambiguous
Шардоне,,full,finetuned,ambiguous
Совиньон Блан,,crop,base,ambiguous
Совиньон Блан,,full,base,ambiguous
Совиньон Блан,,crop,finetuned,ambiguous
Совиньон Блан,,full,finetuned,ambiguous
Рислинг,,crop,base,ambiguous
Рислинг,,full,base,ambiguous
Рислинг,,crop,finetuned,ambiguous
Рислинг,,full,finetuned,ambiguous
Розе,,crop,base,ambiguous
Розе,,full,base,ambiguous
Розе,,crop,finetuned,ambiguous
Розе,,full,finetuned,ambiguous
Совиньон Блан,,crop,base,ambiguous
Совиньон Блан,,full,base,ambiguous
Совиньон Блан,,crop,finetuned,ambiguous
Совиньон Блан,,full,finetuned,ambiguous
Каберне Фран,,crop,base,ambiguous
Каберне Фран,,full,base,ambiguous
Каберне Фран,,crop,finetuned,ambiguous
Каберне Фран,,full,finetuned,ambiguous
Кокур,,crop,base,ambiguous
Кокур,,full,base,ambiguous
Кокур,,crop,finetuned,ambiguous
Кокур,,full,finetuned,ambiguous
Мускат,,crop,base,ambiguous
Мускат,,full,base,ambiguous
Мускат,,crop,finetuned,ambiguous
Мускат,,full,finetuned,ambiguous
Розовое,,crop,base,ambiguous
Розовое,,full,base,ambiguous
Розовое,,crop,finetuned,ambiguous
Розовое,,full,finetuned,ambiguous
Саперави,,crop,base,ambiguous
Саперави,,full,base,ambiguous
Саперави,,crop,finetuned,ambiguous
Саперави,,full,finetuned,ambiguous
Вионье,,crop,base,ambiguous
Вионье,,full,base,ambiguous
Вионье,,crop,finetuned,ambiguous
Вионье,,full,finetuned,ambiguous
Пети Шен,,crop,base,not_found
Пети Шен,,full,base,not_found
Пети Шен,,crop,finetuned,not_found
Пети Шен,,full,finetuned,not_found
Brut Zero Dosage,,crop,base,ambiguous
Brut Zero Dosage,,full,base,ambiguous
Brut Zero Dosage,,crop,finetuned,ambiguous
Brut Zero Dosage,,full,finetuned,ambiguous
Brut Zero Dosage,,crop,base,ambiguous
Brut Zero Dosage,,full,base,ambiguous
Brut Zero Dosage,,crop,finetuned,ambiguous
Brut Zero Dosage,,full,finetuned,ambiguous
Каберне Фран,,crop,base,ambiguous
Каберне Фран,,full,base,ambiguous
Каберне Фран,,crop,finetuned,ambiguous
Каберне Фран,,full,finetuned,ambiguous
Каберне Совиньон,,crop,base,ambiguous
Каберне Совиньон,,full,base,ambiguous
Каберне Совиньон,,crop,finetuned,ambiguous
Каберне Совиньон,,full,finetuned,ambiguous
Мерло,,crop,base,ambiguous
Мерло,,full,base,ambiguous
Мерло,,crop,finetuned,ambiguous
Мерло,,full,finetuned,ambiguous
Мускат Белый,,crop,base,ambiguous
Мускат Белый,,full,base,ambiguous
Мускат Белый,,crop,finetuned,ambiguous
Мускат Белый,,full,finetuned,ambiguous
Мускат,,crop,base,ambiguous
Мускат,,full,base,ambiguous
Мускат,,crop,finetuned,ambiguous
Мускат,,full,finetuned,ambiguous
Мускат Оранж,,crop,base,ambiguous
Мускат Оранж,,full,base,ambiguous
Мускат Оранж,,crop,finetuned,ambiguous
Мускат Оранж,,full,finetuned,ambiguous
Пино Гри,,crop,base,ambiguous
Пино Гри,,full,base,ambiguous
Пино Гри,,crop,finetuned,ambiguous
Пино Гри,,full,finetuned,ambiguous
Пино Гри,,crop,base,ambiguous
Пино Гри,,full,base,ambiguous
Пино Гри,,crop,finetuned,ambiguous
Пино Гри,,full,finetuned,ambiguous
Пино Нуар,,crop,base,ambiguous
Пино Нуар,,full,base,ambiguous
Пино Нуар,,crop,finetuned,ambiguous
Пино Нуар,,full,finetuned,ambiguous
Рислинг,,crop,base,ambiguous
Рислинг,,full,base,ambiguous
Рислинг,,crop,finetuned,ambiguous
Рислинг,,full,finetuned,ambiguous
Ркацители,,crop,base,ambiguous
Ркацители,,full,base,ambiguous
Ркацители,,crop,finetuned,ambiguous
Ркацители,,full,finetuned,ambiguous
Ркацители Оранж,,crop,base,ambiguous
Ркацители Оранж,,full,base,ambiguous
Ркацители Оранж,,crop,finetuned,ambiguous
Ркацители Оранж,,full,finetuned,ambiguous
Rose Cuvee Prestige,,crop,base,ambiguous
Rose Cuvee Prestige,,full,base,ambiguous
Rose Cuvee Prestige,,crop,finetuned,ambiguous
Rose Cuvee Prestige,,full,finetuned,ambiguous
Rose Cuvee Prestige,,crop,base,ambiguous
Rose Cuvee Prestige,,full,base,ambiguous
Rose Cuvee Prestige,,crop,finetuned,ambiguous
Rose Cuvee Prestige,,full,finetuned,ambiguous
Rose,,crop,base,ambiguous
Rose,,full,base,ambiguous
Rose,,crop,finetuned,ambiguous
Rose,,full,finetuned,ambiguous
Розе,,crop,base,ambiguous
Розе,,full,base,ambiguous
Розе,,crop,finetuned,ambiguous
Розе,,full,finetuned,ambiguous
Саперави,,crop,base,ambiguous
Саперави,,full,base,ambiguous
Саперави,,crop,finetuned,ambiguous
Саперави,,full,finetuned,ambiguous
Шенен Блан,,crop,base,ambiguous
Шенен Блан,,full,base,ambiguous
Шенен Блан,,crop,finetuned,ambiguous
Шенен Блан,,full,finetuned,ambiguous
Совиньон Блан,,crop,base,ambiguous
Совиньон Блан,,full,base,ambiguous
Совиньон Блан,,crop,finetuned,ambiguous
Совиньон Блан,,full,finetuned,ambiguous
Вионье,,crop,base,ambiguous
Вионье,,full,base,ambiguous
Вионье,,crop,finetuned,ambiguous
Вионье,,full,finetuned,ambiguous
Evolution pinot noir,,crop,base,ambiguous
Evolution pinot noir,,full,base,ambiguous
Evolution pinot noir,,crop,finetuned,ambiguous
Evolution pinot noir,,full,finetuned,ambiguous
Blanc de Blancs,,crop,base,ambiguous
Blanc de Blancs,,full,base,ambiguous
Blanc de Blancs,,crop,finetuned,ambiguous
Blanc de Blancs,,full,finetuned,ambiguous
Par Amour,,crop,base,ambiguous
Par Amour,,full,base,ambiguous
Par Amour,,crop,finetuned,ambiguous
Par Amour,,full,finetuned,ambiguous
Par Amour,,crop,base,ambiguous
Par Amour,,full,base,ambiguous
Par Amour,,crop,finetuned,ambiguous
Par Amour,,full,finetuned,ambiguous
Par Amour,,crop,base,ambiguous
Par Amour,,full,base,ambiguous
Par Amour,,crop,finetuned,ambiguous
Par Amour,,full,finetuned,ambiguous
Par Amour,,crop,base,ambiguous
Par Amour,,full,base,ambiguous
Par Amour,,crop,finetuned,ambiguous
Par Amour,,full,finetuned,ambiguous
Velvet Season,,crop,base,ambiguous
Velvet Season,,full,base,ambiguous
Velvet Season,,crop,finetuned,ambiguous
Velvet Season,,full,finetuned,ambiguous
Velvet Season,,crop,base,ambiguous
Velvet Season,,full,base,ambiguous
Velvet Season,,crop,finetuned,ambiguous
Velvet Season,,full,finetuned,ambiguous
Каберне Фран,,crop,base,ambiguous
Каберне Фран,,full,base,ambiguous
Каберне Фран,,crop,finetuned,ambiguous
Каберне Фран,,full,finetuned,ambiguous
Merlot,,crop,base,ambiguous
Merlot,,full,base,ambiguous
Merlot,,crop,finetuned,ambiguous
Merlot,,full,finetuned,ambiguous
Pinot Noir,,crop,base,ambiguous
Pinot Noir,,full,base,ambiguous
Pinot Noir,,crop,finetuned,ambiguous
Pinot Noir,,full,finetuned,ambiguous
Riesling,,crop,base,ambiguous
Riesling,,full,base,ambiguous
Riesling,,crop,finetuned,ambiguous
Riesling,,full,finetuned,ambiguous
Chardonnay,,crop,base,ambiguous
Chardonnay,,full,base,ambiguous
Chardonnay,,crop,finetuned,ambiguous
Chardonnay,,full,finetuned,ambiguous
Сира,,crop,base,ambiguous
Сира,,full,base,ambiguous
Сира,,crop,finetuned,ambiguous
Сира,,full,finetuned,ambiguous
Ркацители Квеври,,crop,base,not_found
Ркацители Квеври,,full,base,not_found
Ркацители Квеври,,crop,finetuned,not_found
Ркацители Квеври,,full,finetuned,not_found
Саперави Квеври,,crop,base,not_found
Саперави Квеври,,full,base,not_found
Саперави Квеври,,crop,finetuned,not_found
Саперави Квеври,,full,finetuned,not_found
Каберне Совиньон,,crop,base,ambiguous
Каберне Совиньон,,full,base,ambiguous
Каберне Совиньон,,crop,finetuned,ambiguous
Каберне Совиньон,,full,finetuned,ambiguous
Каберне Совиньон Резерв,,crop,base,ambiguous
Каберне Совиньон Резерв,,full,base,ambiguous
Каберне Совиньон Резерв,,crop,finetuned,ambiguous
Каберне Совиньон Резерв,,full,finetuned,ambiguous
Мерло,,crop,base,ambiguous
Мерло,,full,base,ambiguous
Мерло,,crop,finetuned,ambiguous
Мерло,,full,finetuned,ambiguous
Мерло Резерв,,crop,base,ambiguous
Мерло Резерв,,full,base,ambiguous
Мерло Резерв,,crop,finetuned,ambiguous
Мерло Резерв,,full,finetuned,ambiguous
Пино Нуар Резерв,,crop,base,ambiguous
Пино Нуар Резерв,,full,base,ambiguous
Пино Нуар Резерв,,crop,finetuned,ambiguous
Пино Нуар Резерв,,full,finetuned,ambiguous
Рислинг,,crop,base,ambiguous
Рислинг,,full,base,ambiguous
Рислинг,,crop,finetuned,ambiguous
Рислинг,,full,finetuned,ambiguous
Шардоне Резерв,,crop,base,ambiguous
Шардоне Резерв,,full,base,ambiguous
Шардоне Резерв,,crop,finetuned,ambiguous
Шардоне Резерв,,full,finetuned,ambiguous
Совиньон Блан,,crop,base,ambiguous
Совиньон Блан,,full,base,ambiguous
Совиньон Блан,,crop,finetuned,ambiguous
Совиньон Блан,,full,finetuned,ambiguous
Tête de Cheval Blanc de Blancs,,crop,base,ambiguous
Tête de Cheval Blanc de Blancs,,full,base,ambiguous
Tête de Cheval Blanc de Blancs,,crop,finetuned,ambiguous
Tête de Cheval Blanc de Blancs,,full,finetuned,ambiguous
Tête de Cheval брют,,crop,base,ambiguous
Tête de Cheval брют,,full,base,ambiguous
Tête de Cheval брют,,crop,finetuned,ambiguous
Tête de Cheval брют,,full,finetuned,ambiguous
Blanc de Blancs,,crop,base,ambiguous
Blanc de Blancs,,full,base,ambiguous
Blanc de Blancs,,crop,finetuned,ambiguous
Blanc de Blancs,,full,finetuned,ambiguous
Брют розе,,crop,base,ambiguous
Брют розе,,full,base,ambiguous
Брют розе,,crop,finetuned,ambiguous
Брют розе,,full,finetuned,ambiguous
Рислинг,,crop,base,ambiguous
Рислинг,,full,base,ambiguous
Рислинг,,crop,finetuned,ambiguous
Рислинг,,full,finetuned,ambiguous
Розе,,crop,base,ambiguous
Розе,,full,base,ambiguous
Розе,,crop,finetuned,ambiguous
Розе,,full,finetuned,ambiguous
ИИ ВИНО,,crop,base,not_found
ИИ ВИНО,,full,base,not_found
ИИ ВИНО,,crop,finetuned,not_found
ИИ ВИНО,,full,finetuned,not_found
ИИ ВИНО,,crop,base,not_found
ИИ ВИНО,,full,base,not_found
ИИ ВИНО,,crop,finetuned,not_found
ИИ ВИНО,,full,finetuned,not_found
Integral,,crop,base,not_found
Integral,,full,base,not_found
Integral,,crop,finetuned,not_found
Integral,,full,finetuned,not_found
Красностоп Золотовский. На террасах,,crop,base,ambiguous
Красностоп Золотовский. На террасах,,full,base,ambiguous
Красностоп Золотовский. На террасах,,crop,finetuned,ambiguous
Красностоп Золотовский. На террасах,,full,finetuned,ambiguous
Красностоп Золотовский. На террасах,,crop,base,ambiguous
Красностоп Золотовский. На террасах,,full,base,ambiguous
Красностоп Золотовский. На террасах,,crop,finetuned,ambiguous
Красностоп Золотовский. На террасах,,full,finetuned,ambiguous
Рислинг. Поздний сбор,,crop,base,ambiguous
Рислинг. Поздний сбор,,full,base,ambiguous
Рислинг. Поздний сбор,,crop,finetuned,ambiguous
Рислинг. Поздний сбор,,full,finetuned,ambiguous
Рислинг. Семейный резерв,,crop,base,ambiguous
Рислинг. Семейный резерв,,full,base,ambiguous
Рислинг. Семейный резерв,,crop,finetuned,ambiguous
Рислинг. Семейный резерв,,full,finetuned,ambiguous
Рислинг. Семейный Резерв,,crop,base,ambiguous
Рислинг. Семейный Резерв,,full,base,ambiguous
Рислинг. Семейный Резерв,,crop,finetuned,ambiguous
Рислинг. Семейный Резерв,,full,finetuned,ambiguous
Каберне Фран,,crop,base,ambiguous
Каберне Фран,,full,base,ambiguous
Каберне Фран,,crop,finetuned,ambiguous
Каберне Фран,,full,finetuned,ambiguous
Каберне Совиньон,,crop,base,ambiguous
Каберне Совиньон,,full,base,ambiguous
Каберне Совиньон,,crop,finetuned,ambiguous
Каберне Совиньон,,full,finetuned,ambiguous
Красностоп Золотовский,,crop,base,ambiguous
Красностоп Золотовский,,full,base,ambiguous
Красностоп Золотовский,,crop,finetuned,ambiguous
Красностоп Золотовский,,full,finetuned,ambiguous
В тумане,,crop,base,ambiguous
В тумане,,full,base,ambiguous
В тумане,,crop,finetuned,ambiguous
В тумане,,full,finetuned,ambiguous
В Тумане,,crop,base,ambiguous
В Тумане,,full,base,ambiguous
В Тумане,,crop,finetuned,ambiguous
В Тумане,,full,finetuned,ambiguous
Вассал,,crop,base,ambiguous
Вассал,,full,base,ambiguous
Вассал,,crop,finetuned,ambiguous
Вассал,,full,finetuned,ambiguous
Вассал,,crop,base,ambiguous
Вассал,,full,base,ambiguous
Вассал,,crop,finetuned,ambiguous
Вассал,,full,finetuned,ambiguous
Ркацители,,crop,base,ambiguous
Ркацители,,full,base,ambiguous
Ркацители,,crop,finetuned,ambiguous
Ркацители,,full,finetuned,ambiguous
Совиньон Блан,,crop,base,ambiguous
Совиньон Блан,,full,base,ambiguous
Совиньон Блан,,crop,finetuned,ambiguous
Совиньон Блан,,full,finetuned,ambiguous
135,,crop,base,not_found
135,,full,base,not_found
135,,crop,finetuned,not_found
135,,full,finetuned,not_found
44 Параллель,,crop,base,not_found
44 Параллель,,full,base,not_found
44 Параллель,,crop,finetuned,not_found
44 Параллель,,full,finetuned,not_found
Каберне Фран — лимитированная серия,,crop,base,not_found
Каберне Фран — лимитированная серия,,full,base,not_found
Каберне Фран — лимитированная серия,,crop,finetuned,not_found
Каберне Фран — лимитированная серия,,full,finetuned,not_found
Каберне Совиньон и Саперави — лимитированная серия,,crop,base,not_found
Каберне Совиньон и Саперави — лимитированная серия,,full,base,not_found
Каберне Совиньон и Саперави — лимитированная серия,,crop,finetuned,not_found
Каберне Совиньон и Саперави — лимитированная серия,,full,finetuned,not_found
Купаж 13,,crop,base,not_found
Купаж 13,,full,base,not_found
Купаж 13,,crop,finetuned,not_found
Купаж 13,,full,finetuned,not_found
Мерло — лимитированная серия,,crop,base,not_found
Мерло — лимитированная серия,,full,base,not_found
Мерло — лимитированная серия,,crop,finetuned,not_found
Мерло — лимитированная серия,,full,finetuned,not_found
Саперави — лимитированная серия,,crop,base,not_found
Саперави — лимитированная серия,,full,base,not_found
Саперави — лимитированная серия,,crop,finetuned,not_found
Саперави — лимитированная серия,,full,finetuned,not_found
Сира — лимитированная серия,,crop,base,not_found
Сира — лимитированная серия,,full,base,not_found
Сира — лимитированная серия,,crop,finetuned,not_found
Сира — лимитированная серия,,full,finetuned,not_found
Blanc de Neige,,crop,base,ambiguous
Blanc de Neige,,full,base,ambiguous
Blanc de Neige,,crop,finetuned,ambiguous
Blanc de Neige,,full,finetuned,ambiguous
Каберне Совиньон,,crop,base,ambiguous
Каберне Совиньон,,full,base,ambiguous
Каберне Совиньон,,crop,finetuned,ambiguous
Каберне Совиньон,,full,finetuned,ambiguous
Мерло,,crop,base,ambiguous
Мерло,,full,base,ambiguous
Мерло,,crop,finetuned,ambiguous
Мерло,,full,finetuned,ambiguous
Оранж,,crop,base,ambiguous
Оранж,,full,base,ambiguous
Оранж,,crop,finetuned,ambiguous
Оранж,,full,finetuned,ambiguous
Оранж,,crop,base,ambiguous
Оранж,,full,base,ambiguous
Оранж,,crop,finetuned,ambiguous
Оранж,,full,finetuned,ambiguous
Пино Блан,,crop,base,ambiguous
Пино Блан,,full,base,ambiguous
Пино Блан,,crop,finetuned,ambiguous
Пино Блан,,full,finetuned,ambiguous
Пино Менье,,crop,base,ambiguous
Пино Менье,,full,base,ambiguous
Пино Менье,,crop,finetuned,ambiguous
Пино Менье,,full,finetuned,ambiguous
Пино Нуар,,crop,base,ambiguous
Пино Нуар,,full,base,ambiguous
Пино Нуар,,crop,finetuned,ambiguous
Пино Нуар,,full,finetuned,ambiguous
Рислинг,,crop,base,ambiguous
Рислинг,,full,base,ambiguous
Рислинг,,crop,finetuned,ambiguous
Рислинг,,full,finetuned,ambiguous
Рислинг,,crop,base,ambiguous
Рислинг,,full,base,ambiguous
Рислинг,,crop,finetuned,ambiguous
Рислинг,,full,finetuned,ambiguous
Ркацители,,crop,base,ambiguous
Ркацители,,full,base,ambiguous
Ркацители,,crop,finetuned,ambiguous
Ркацители,,full,finetuned,ambiguous
Шардоне,,crop,base,ambiguous
Шардоне,,full,base,ambiguous
Шардоне,,crop,finetuned,ambiguous
Шардоне,,full,finetuned,ambiguous
Вионье,,crop,base,ambiguous
Вионье,,full,base,ambiguous
Вионье,,crop,finetuned,ambiguous
Вионье,,full,finetuned,ambiguous
Авторский купаж,,crop,base,not_found
Авторский купаж,,full,base,not_found
Авторский купаж,,crop,finetuned,not_found
Авторский купаж,,full,finetuned,not_found
Каберне Совиньон,,crop,base,ambiguous
Каберне Совиньон,,full,base,ambiguous
Каберне Совиньон,,crop,finetuned,ambiguous
Каберне Совиньон,,full,finetuned,ambiguous
Крымский бленд,,crop,base,not_found
Крымский бленд,,full,base,not_found
Крымский бленд,,crop,finetuned,not_found
Крымский бленд,,full,finetuned,not_found
Крымский бленд,,crop,base,not_found
Крымский бленд,,full,base,not_found
Крымский бленд,,crop,finetuned,not_found
Крымский бленд,,full,finetuned,not_found
"Каберне Совиньон, Мерло, Каберне Фран",,crop,base,not_found
"Каберне Совиньон, Мерло, Каберне Фран",,full,base,not_found
"Каберне Совиньон, Мерло, Каберне Фран",,crop,finetuned,not_found
"Каберне Совиньон, Мерло, Каберне Фран",,full,finetuned,not_found
Мерло & Каберне Совиньон,,crop,base,not_found
Мерло & Каберне Совиньон,,full,base,not_found
Мерло & Каберне Совиньон,,crop,finetuned,not_found
Мерло & Каберне Совиньон,,full,finetuned,not_found
Пино Нуар,,crop,base,ambiguous
Пино Нуар,,full,base,ambiguous
Пино Нуар,,crop,finetuned,ambiguous
Пино Нуар,,full,finetuned,ambiguous
Ркацители и Мускат Оранж,,crop,base,not_found
Ркацители и Мускат Оранж,,full,base,not_found
Ркацители и Мускат Оранж,,crop,finetuned,not_found
Ркацители и Мускат Оранж,,full,finetuned,not_found
Розовое сухое,,crop,base,not_found
Розовое сухое,,full,base,not_found
Розовое сухое,,crop,finetuned,not_found
Розовое сухое,,full,finetuned,not_found
Розовое полусухое,,crop,base,not_found
Розовое полусухое,,full,base,not_found
Розовое полусухое,,crop,finetuned,not_found
Розовое полусухое,,full,finetuned,not_found
Сира,,crop,base,ambiguous
Сира,,full,base,ambiguous
Сира,,crop,finetuned,ambiguous
Сира,,full,finetuned,ambiguous
Шардоне,,crop,base,ambiguous
Шардоне,,full,base,ambiguous
Шардоне,,crop,finetuned,ambiguous
Шардоне,,full,finetuned,ambiguous
Совиньон Блан,,crop,base,ambiguous
Совиньон Блан,,full,base,ambiguous
Совиньон Блан,,crop,finetuned,ambiguous
Совиньон Блан,,full,finetuned,ambiguous
Бастардо,,crop,base,ambiguous
Бастардо,,full,base,ambiguous
Бастардо,,crop,finetuned,ambiguous
Бастардо,,full,finetuned,ambiguous
Пино Гри,,crop,base,ambiguous
Пино Гри,,full,base,ambiguous
Пино Гри,,crop,finetuned,ambiguous
Пино Гри,,full,finetuned,ambiguous
Мерло,,crop,base,ambiguous
Мерло,,full,base,ambiguous
Мерло,,crop,finetuned,ambiguous
Мерло,,full,finetuned,ambiguous
Мерло,,crop,base,ambiguous
Мерло,,full,base,ambiguous
Мерло,,crop,finetuned,ambiguous
Мерло,,full,finetuned,ambiguous
Каберне Совиньон,,crop,base,ambiguous
Каберне Совиньон,,full,base,ambiguous
Каберне Совиньон,,crop,finetuned,ambiguous
Каберне Совиньон,,full,finetuned,ambiguous
Мерло,,crop,base,ambiguous
Мерло,,full,base,ambiguous
Мерло,,crop,finetuned,ambiguous
Мерло,,full,finetuned,ambiguous
Ркацители,,crop,base,ambiguous
Ркацители,,full,base,ambiguous
Ркацители,,crop,finetuned,ambiguous
Ркацители,,full,finetuned,ambiguous
Красностоп Золотовский,,crop,base,ambiguous
Красностоп Золотовский,,full,base,ambiguous
Красностоп Золотовский,,crop,finetuned,ambiguous
Красностоп Золотовский,,full,finetuned,ambiguous
Рубин Голодриги,,crop,base,ambiguous
Рубин Голодриги,,full,base,ambiguous
Рубин Голодриги,,crop,finetuned,ambiguous
Рубин Голодриги,,full,finetuned,ambiguous
Саперави,,crop,base,ambiguous
Саперави,,full,base,ambiguous
Саперави,,crop,finetuned,ambiguous
Саперави,,full,finetuned,ambiguous
Пино Нуар,,crop,base,ambiguous
Пино Нуар,,full,base,ambiguous
Пино Нуар,,crop,finetuned,ambiguous
Пино Нуар,,full,finetuned,ambiguous
Шардоне,,crop,base,ambiguous
Шардоне,,full,base,ambiguous
Шардоне,,crop,finetuned,ambiguous
Шардоне,,full,finetuned,ambiguous
Российское шампанское коллекционное полусухое белое «Новый Свет»,,crop,base,ambiguous
Российское шампанское коллекционное полусухое белое «Новый Свет»,,full,base,ambiguous
Российское шампанское коллекционное полусухое белое «Новый Свет»,,crop,finetuned,ambiguous
Российское шампанское коллекционное полусухое белое «Новый Свет»,,full,finetuned,ambiguous
Российское шампанское коллекционное полусухое белое «Новый Свет»,,crop,base,ambiguous
Российское шампанское коллекционное полусухое белое «Новый Свет»,,full,base,ambiguous
Российское шампанское коллекционное полусухое белое «Новый Свет»,,crop,finetuned,ambiguous
Российское шампанское коллекционное полусухое белое «Новый Свет»,,full,finetuned,ambiguous
Pinot Noir,,crop,base,ambiguous
Pinot Noir,,full,base,ambiguous
Pinot Noir,,crop,finetuned,ambiguous
Pinot Noir,,full,finetuned,ambiguous
Riesling,,crop,base,ambiguous
Riesling,,full,base,ambiguous
Riesling,,crop,finetuned,ambiguous
Riesling,,full,finetuned,ambiguous
Adagum Pinot Noir,,crop,base,ambiguous
Adagum Pinot Noir,,full,base,ambiguous
Adagum Pinot Noir,,crop,finetuned,ambiguous
Adagum Pinot Noir,,full,finetuned,ambiguous
Adagum Pinot Noir,,crop,base,ambiguous
Adagum Pinot Noir,,full,base,ambiguous
Adagum Pinot Noir,,crop,finetuned,ambiguous
Adagum Pinot Noir,,full,finetuned,ambiguous
Пино Нуар,,crop,base,ambiguous
Пино Нуар,,full,base,ambiguous
Пино Нуар,,crop,finetuned,ambiguous
Пино Нуар,,full,finetuned,ambiguous
Пино Блан АртВин,,crop,base,not_found
Пино Блан АртВин,,full,base,not_found
Пино Блан АртВин,,crop,finetuned,not_found
Пино Блан АртВин,,full,finetuned,not_found
Каберне Совиньон Резерв,,crop,base,ambiguous
Каберне Совиньон Резерв,,full,base,ambiguous
Каберне Совиньон Резерв,,crop,finetuned,ambiguous
Каберне Совиньон Резерв,,full,finetuned,ambiguous
Шардоне Резерв,,crop,base,ambiguous
Шардоне Резерв,,full,base,ambiguous
Шардоне Резерв,,crop,finetuned,ambiguous
Шардоне Резерв,,full,finetuned,ambiguous
Tête de Cheval Blanc de Blancs,,crop,base,ambiguous
Tête de Cheval Blanc de Blancs,,full,base,ambiguous
Tête de Cheval Blanc de Blancs,,crop,finetuned,ambiguous
Tête de Cheval Blanc de Blancs,,full,finetuned,ambiguous
"Tête de Cheval
 брют",,crop,base,ambiguous
"Tête de Cheval
 брют",,full,base,ambiguous
"Tête de Cheval
 брют",,crop,finetuned,ambiguous
"Tête de Cheval
 брют",,full,finetuned,ambiguous
Прибой Марченко белое полусухое,,crop,base,not_found
Прибой Марченко белое полусухое,,full,base,not_found
Прибой Марченко белое полусухое,,crop,finetuned,not_found
Прибой Марченко белое полусухое,,full,finetuned,not_found
Каберне Совиньон,,crop,base,ambiguous
Каберне Совиньон,,full,base,ambiguous
Каберне Совиньон,,crop,finetuned,ambiguous
Каберне Совиньон,,full,finetuned,ambiguous
Шардоне,,crop,base,ambiguous
Шардоне,,full,base,ambiguous
Шардоне,,crop,finetuned,ambiguous
Шардоне,,full,finetuned,ambiguous
Рислинг,,crop,base,ambiguous
Рислинг,,full,base,ambiguous
Рислинг,,crop,finetuned,ambiguous
Рислинг,,full,finetuned,ambiguous
Кокур,,crop,base,ambiguous
Кокур,,full,base,ambiguous
Кокур,,crop,finetuned,ambiguous
Кокур,,full,finetuned,ambiguous
Саперави,,crop,base,ambiguous
Саперави,,full,base,ambiguous
Саперави,,crop,finetuned,ambiguous
Саперави,,full,finetuned,ambiguous
Каберне Фран,,crop,base,ambiguous
Каберне Фран,,full,base,ambiguous
Каберне Фран,,crop,finetuned,ambiguous
Каберне Фран,,full,finetuned,ambiguous
Брют розе,,crop,base,ambiguous
Брют розе,,full,base,ambiguous
Брют розе,,crop,finetuned,ambiguous
Брют розе,,full,finetuned,ambiguous
Мускат Белый,,crop,base,ambiguous
Мускат Белый,,full,base,ambiguous
Мускат Белый,,crop,finetuned,ambiguous
Мускат Белый,,full,finetuned,ambiguous
Мускат Оранж,,crop,base,ambiguous
Мускат Оранж,,full,base,ambiguous
Мускат Оранж,,crop,finetuned,ambiguous
Мускат Оранж,,full,finetuned,ambiguous
Рислинг,,crop,base,ambiguous
Рислинг,,full,base,ambiguous
Рислинг,,crop,finetuned,ambiguous
Рислинг,,full,finetuned,ambiguous
Рислинг,,crop,base,ambiguous
Рислинг,,full,base,ambiguous
Рислинг,,crop,finetuned,ambiguous
Рислинг,,full,finetuned,ambiguous
Шардоне,,crop,base,ambiguous
Шардоне,,full,base,ambiguous
Шардоне,,crop,finetuned,ambiguous
Шардоне,,full,finetuned,ambiguous
Каберне Совиньон Резерв,,crop,base,ambiguous
Каберне Совиньон Резерв,,full,base,ambiguous
Каберне Совиньон Резерв,,crop,finetuned,ambiguous
Каберне Совиньон Резерв,,full,finetuned,ambiguous
Шардоне Резерв,,crop,base,ambiguous
Шардоне Резерв,,full,base,ambiguous
Шардоне Резерв,,crop,finetuned,ambiguous
Шардоне Резерв,,full,finetuned,ambiguous
Рислинг,,crop,base,ambiguous
Рислинг,,full,base,ambiguous
Рислинг,,crop,finetuned,ambiguous
Рислинг,,full,finetuned,ambiguous
Розе,,crop,base,ambiguous
Розе,,full,base,ambiguous
Розе,,crop,finetuned,ambiguous
Розе,,full,finetuned,ambiguous
Шардоне,,crop,base,ambiguous
Шардоне,,full,base,ambiguous
Шардоне,,crop,finetuned,ambiguous
Шардоне,,full,finetuned,ambiguous
Блан Де Блан,,crop,base,ambiguous
Блан Де Блан,,full,base,ambiguous
Блан Де Блан,,crop,finetuned,ambiguous
Блан Де Блан,,full,finetuned,ambiguous
Каберне Совиньон,,crop,base,ambiguous
Каберне Совиньон,,full,base,ambiguous
Каберне Совиньон,,crop,finetuned,ambiguous
Каберне Совиньон,,full,finetuned,ambiguous
Каберне Совиньон - Мерло,,crop,base,ambiguous
Каберне Совиньон - Мерло,,full,base,ambiguous
Каберне Совиньон - Мерло,,crop,finetuned,ambiguous
Каберне Совиньон - Мерло,,full,finetuned,ambiguous
Петнат Пино Гри,,crop,base,ambiguous
Петнат Пино Гри,,full,base,ambiguous
Петнат Пино Гри,,crop,finetuned,ambiguous
Петнат Пино Гри,,full,finetuned,ambiguous
Петнат Пино Гри,,crop,base,ambiguous
Петнат Пино Гри,,full,base,ambiguous
Петнат Пино Гри,,crop,finetuned,ambiguous
Петнат Пино Гри,,full,finetuned,ambiguous
Пино Гриджио,,crop,base,ambiguous
Пино Гриджио,,full,base,ambiguous
Пино Гриджио,,crop,finetuned,ambiguous
Пино Гриджио,,full,finetuned,ambiguous
Пино Нуар,,crop,base,ambiguous
Пино Нуар,,full,base,ambiguous
Пино Нуар,,crop,finetuned,ambiguous
Пино Нуар,,full,finetuned,ambiguous
Пино Нуар розе,,crop,base,ambiguous
Пино Нуар розе,,full,base,ambiguous
Пино Нуар розе,,crop,finetuned,ambiguous
Пино Нуар розе,,full,finetuned,ambiguous
Шардоне,,crop,base,ambiguous
Шардоне,,full,base,ambiguous
Шардоне,,crop,finetuned,ambiguous
Шардоне,,full,finetuned,ambiguous
Шираз,,crop,base,ambiguous
Шираз,,full,base,ambiguous
Шираз,,crop,finetuned,ambiguous
Шираз,,full,finetuned,ambiguous
Шираз,,crop,base,ambiguous
Шираз,,full,base,ambiguous
Шираз,,crop,finetuned,ambiguous
Шираз,,full,finetuned,ambiguous
Симбиоз,,crop,base,not_found
Симбиоз,,full,base,not_found
Симбиоз,,crop,finetuned,not_found
Симбиоз,,full,finetuned,not_found
Сира,,crop,base,ambiguous
Сира,,full,base,ambiguous
Сира,,crop,finetuned,ambiguous
Сира,,full,finetuned,ambiguous
Каберне Фран,,crop,base,ambiguous
Каберне Фран,,full,base,ambiguous
Каберне Фран,,crop,finetuned,ambiguous
Каберне Фран,,full,finetuned,ambiguous
Каберне Фран,,crop,base,ambiguous
Каберне Фран,,full,base,ambiguous
Каберне Фран,,crop,finetuned,ambiguous
Каберне Фран,,full,finetuned,ambiguous
Каберне Фран,,crop,base,ambiguous
Каберне Фран,,full,base,ambiguous
Каберне Фран,,crop,finetuned,ambiguous
Каберне Фран,,full,finetuned,ambiguous
Пино Гри,,crop,base,ambiguous
Пино Гри,,full,base,ambiguous
Пино Гри,,crop,finetuned,ambiguous
Пино Гри,,full,finetuned,ambiguous
Рислинг,,crop,base,ambiguous
Рислинг,,full,base,ambiguous
Рислинг,,crop,finetuned,ambiguous
Рислинг,,full,finetuned,ambiguous
Рислинг,,crop,base,ambiguous
Рислинг,,full,base,ambiguous
Рислинг,,crop,finetuned,ambiguous
Рислинг,,full,finetuned,ambiguous
Ркацители,,crop,base,ambiguous
Ркацители,,full,base,ambiguous
Ркацители,,crop,finetuned,ambiguous
Ркацители,,full,finetuned,ambiguous
Саперави,,crop,base,ambiguous
Саперави,,full,base,ambiguous
Саперави,,crop,finetuned,ambiguous
Саперави,,full,finetuned,ambiguous
Приват,,crop,base,ambiguous
Приват,,full,base,ambiguous
Приват,,crop,finetuned,ambiguous
Приват,,full,finetuned,ambiguous
Совиньон Блан,,crop,base,ambiguous
Совиньон Блан,,full,base,ambiguous
Совиньон Блан,,crop,finetuned,ambiguous
Совиньон Блан,,full,finetuned,ambiguous
Совиньон Блан,,crop,base,ambiguous
Совиньон Блан,,full,base,ambiguous
Совиньон Блан,,crop,finetuned,ambiguous
Совиньон Блан,,full,finetuned,ambiguous
Выдержанное Экстра Брют Блан де Блан Брют Натюр,,crop,base,not_found
Выдержанное Экстра Брют Блан де Блан Брют Натюр,,full,base,not_found
Выдержанное Экстра Брют Блан де Блан Брют Натюр,,crop,finetuned,not_found
Выдержанное Экстра Брют Блан де Блан Брют Натюр,,full,finetuned,not_found
Выдержанное Экстра Брют Розе Брют Натюр,,crop,base,not_found
Выдержанное Экстра Брют Розе Брют Натюр,,full,base,not_found
Выдержанное Экстра Брют Розе Брют Натюр,,crop,finetuned,not_found
Выдержанное Экстра Брют Розе Брют Натюр,,full,finetuned,not_found
Выдержанное Экстра Брют Ред Брют Натюр,,crop,base,not_found
Выдержанное Экстра Брют Ред Брют Натюр,,full,base,not_found
Выдержанное Экстра Брют Ред Брют Натюр,,crop,finetuned,not_found
Выдержанное Экстра Брют Ред Брют Натюр,,full,finetuned,not_found
Выдержанное Экстра Брют Рислинг Брют Натюр,,crop,base,not_found
Выдержанное Экстра Брют Рислинг Брют Натюр,,full,base,not_found
Выдержанное Экстра Брют Рислинг Брют Натюр,,crop,finetuned,not_found
Выдержанное Экстра Брют Рислинг Брют Натюр,,full,finetuned,not_found
Мерло,,crop,base,ambiguous
Мерло,,full,base,ambiguous
Мерло,,crop,finetuned,ambiguous
Мерло,,full,finetuned,ambiguous
Мускат,,crop,base,ambiguous
Мускат,,full,base,ambiguous
Мускат,,crop,finetuned,ambiguous
Мускат,,full,finetuned,ambiguous
Пино Нуар,,crop,base,ambiguous
Пино Нуар,,full,base,ambiguous
Пино Нуар,,crop,finetuned,ambiguous
Пино Нуар,,full,finetuned,ambiguous
Пино Нуар,,crop,base,ambiguous
Пино Нуар,,full,base,ambiguous
Пино Нуар,,crop,finetuned,ambiguous
Пино Нуар,,full,finetuned,ambiguous
Рислинг,,crop,base,ambiguous
Рислинг,,full,base,ambiguous
Рислинг,,crop,finetuned,ambiguous
Рислинг,,full,finetuned,ambiguous
Кокур,,crop,base,ambiguous
Кокур,,full,base,ambiguous
Кокур,,crop,finetuned,ambiguous
Кокур,,full,finetuned,ambiguous
Blanc de Blancs,,crop,base,ambiguous
Blanc de Blancs,,full,base,ambiguous
Blanc de Blancs,,crop,finetuned,ambiguous
Blanc de Blancs,,full,finetuned,ambiguous
Merlot,,crop,base,ambiguous
Merlot,,full,base,ambiguous
Merlot,,crop,finetuned,ambiguous
Merlot,,full,finetuned,ambiguous
Pinot Noir,,crop,base,ambiguous
Pinot Noir,,full,base,ambiguous
Pinot Noir,,crop,finetuned,ambiguous
Pinot Noir,,full,finetuned,ambiguous
Rose,,crop,base,ambiguous
Rose,,full,base,ambiguous
Rose,,crop,finetuned,ambiguous
Rose,,full,finetuned,ambiguous
Каберне Совиньон Резерв,,crop,base,ambiguous
Каберне Совиньон Резерв,,full,base,ambiguous
Каберне Совиньон Резерв,,crop,finetuned,ambiguous
Каберне Совиньон Резерв,,full,finetuned,ambiguous
Мерло Резерв,,crop,base,ambiguous
Мерло Резерв,,full,base,ambiguous
Мерло Резерв,,crop,finetuned,ambiguous
Мерло Резерв,,full,finetuned,ambiguous
Шардоне,,crop,base,ambiguous
Шардоне,,full,base,ambiguous
Шардоне,,crop,finetuned,ambiguous
Шардоне,,full,finetuned,ambiguous
Вионье,,crop,base,ambiguous
Вионье,,full,base,ambiguous
Вионье,,crop,finetuned,ambiguous
Вионье,,full,finetuned,ambiguous
Blanc de Blancs,,crop,base,ambiguous
Blanc de Blancs,,full,base,ambiguous
Blanc de Blancs,,crop,finetuned,ambiguous
Blanc de Blancs,,full,finetuned,ambiguous
Пино Нуар Резерв,,crop,base,ambiguous
Пино Нуар Резерв,,full,base,ambiguous
Пино Нуар Резерв,,crop,finetuned,ambiguous
Пино Нуар Резерв,,full,finetuned,ambiguous
4 elements. Рислинг,,crop,base,ambiguous
4 elements. Рислинг,,full,base,ambiguous
4 elements. Рислинг,,crop,finetuned,ambiguous
4 elements. Рислинг,,full,finetuned,ambiguous
4 elements. Рислинг,,crop,base,ambiguous
4 elements. Рислинг,,full,base,ambiguous
4 elements. Рислинг,,crop,finetuned,ambiguous
4 elements. Рислинг,,full,finetuned,ambiguous
4 elements. Совиньон Блан,,crop,base,ambiguous
4 elements. Совиньон Блан,,full,base,ambiguous
4 elements. Совиньон Блан,,crop,finetuned,ambiguous
4 elements. Совиньон Блан,,full,finetuned,ambiguous
4 elements. Совиньон Блан,,crop,base,ambiguous
4 elements. Совиньон Блан,,full,base,ambiguous
4 elements. Совиньон Блан,,crop,finetuned,ambiguous
4 elements. Совиньон Блан,,full,finetuned,ambiguous
Рислинг,,crop,base,ambiguous
Рислинг,,full,base,ambiguous
Рислинг,,crop,finetuned,ambiguous
Рислинг,,full,finetuned,ambiguous
Розе,,crop,base,ambiguous
Розе,,full,base,ambiguous
Розе,,crop,finetuned,ambiguous
Розе,,full,finetuned,ambiguous
Совиньон Блан,,crop,base,ambiguous
Совиньон Блан,,full,base,ambiguous
Совиньон Блан,,crop,finetuned,ambiguous
Совиньон Блан,,full,finetuned,ambiguous
Алиготе. Бурлюк,,crop,base,ambiguous
Алиготе. Бурлюк,,full,base,ambiguous
Алиготе. Бурлюк,,crop,finetuned,ambiguous
Алиготе. Бурлюк,,full,finetuned,ambiguous
Алиготе. Бурлюк,,crop,base,ambiguous
Алиготе. Бурлюк,,full,base,ambiguous
Алиготе. Бурлюк,,crop,finetuned,ambiguous
Алиготе. Бурлюк,,full,finetuned,ambiguous
Алиготе,,crop,base,ambiguous
Алиготе,,full,base,ambiguous
Алиготе,,crop,finetuned,ambiguous
Алиготе,,full,finetuned,ambiguous
Каберне Совиньон,,crop,base,ambiguous
Каберне Совиньон,,full,base,ambiguous
Каберне Совиньон,,crop,finetuned,ambiguous
Каберне Совиньон,,full,finetuned,ambiguous
Пино Нуар,,crop,base,ambiguous
Пино Нуар,,full,base,ambiguous
Пино Нуар,,crop,finetuned,ambiguous
Пино Нуар,,full,finetuned,ambiguous
Рислинг,,crop,base,ambiguous
Рислинг,,full,base,ambiguous
Рислинг,,crop,finetuned,ambiguous
Рислинг,,full,finetuned,ambiguous
Ркацители Оранж,,crop,base,ambiguous
Ркацители Оранж,,full,base,ambiguous
Ркацители Оранж,,crop,finetuned,ambiguous
Ркацители Оранж,,full,finetuned,ambiguous
Совиньон Блан,,crop,base,ambiguous
Совиньон Блан,,full,base,ambiguous
Совиньон Блан,,crop,finetuned,ambiguous
Совиньон Блан,,full,finetuned,ambiguous
Траминер,,crop,base,ambiguous
Траминер,,full,base,ambiguous
Траминер,,crop,finetuned,ambiguous
Траминер,,full,finetuned,ambiguous
Каберне Фран,,crop,base,ambiguous
Каберне Фран,,full,base,ambiguous
Каберне Фран,,crop,finetuned,ambiguous
Каберне Фран,,full,finetuned,ambiguous
Сира,,crop,base,ambiguous
Сира,,full,base,ambiguous
Сира,,crop,finetuned,ambiguous
Сира,,full,finetuned,ambiguous
Пти Вердо,,crop,base,ambiguous
Пти Вердо,,full,base,ambiguous
Пти Вердо,,crop,finetuned,ambiguous
Пти Вердо,,full,finetuned,ambiguous
Каберне Совиньон,,crop,base,ambiguous
Каберне Совиньон,,full,base,ambiguous
Каберне Совиньон,,crop,finetuned,ambiguous
Каберне Совиньон,,full,finetuned,ambiguous
Рислинг,,crop,base,ambiguous
Рислинг,,full,base,ambiguous
Рислинг,,crop,finetuned,ambiguous
Рислинг,,full,finetuned,ambiguous
Рислинг,,crop,base,ambiguous
Рислинг,,full,base,ambiguous
Рислинг,,crop,finetuned,ambiguous
Рислинг,,full,finetuned,ambiguous
Шардоне,,crop,base,ambiguous
Шардоне,,full,base,ambiguous
Шардоне,,crop,finetuned,ambiguous
Шардоне,,full,finetuned,ambiguous
Совиньон Блан,,crop,base,ambiguous
Совиньон Блан,,full,base,ambiguous
Совиньон Блан,,crop,finetuned,ambiguous
Совиньон Блан,,full,finetuned,ambiguous
Совиньон Блан,,crop,base,ambiguous
Совиньон Блан,,full,base,ambiguous
Совиньон Блан,,crop,finetuned,ambiguous
Совиньон Блан,,full,finetuned,ambiguous
Трио белое,,crop,base,ambiguous
Трио белое,,full,base,ambiguous
Трио белое,,crop,finetuned,ambiguous
Трио белое,,full,finetuned,ambiguous
Трио белое,,crop,base,ambiguous
Трио белое,,full,base,ambiguous
Трио белое,,crop,finetuned,ambiguous
Трио белое,,full,finetuned,ambiguous
Каберне совиньон Классик,,crop,base,ambiguous
Каберне совиньон Классик,,full,base,ambiguous
Каберне совиньон Классик,,crop,finetuned,ambiguous
Каберне совиньон Классик,,full,finetuned,ambiguous
Каберне совиньон Классик,,crop,base,ambiguous
Каберне совиньон Классик,,full,base,ambiguous
Каберне совиньон Классик,,crop,finetuned,ambiguous
Каберне совиньон Классик,,full,finetuned,ambiguous
Арпачино. Иноходец,,crop,base,ambiguous
Арпачино. Иноходец,,full,base,ambiguous
Арпачино. Иноходец,,crop,finetuned,ambiguous
Арпачино. Иноходец,,full,finetuned,ambiguous
Арпачино. Иноходец,,crop,base,ambiguous
Арпачино. Иноходец,,full,base,ambiguous
Арпачино. Иноходец,,crop,finetuned,ambiguous
Арпачино. Иноходец,,full,finetuned,ambiguous
Арпачино. Иноходец,,crop,base,ambiguous
Арпачино. Иноходец,,full,base,ambiguous
Арпачино. Иноходец,,crop,finetuned,ambiguous
Арпачино. Иноходец,,full,finetuned,ambiguous
Арпачино. Иноходец,,crop,base,ambiguous
Арпачино. Иноходец,,full,base,ambiguous
Арпачино. Иноходец,,crop,finetuned,ambiguous
Арпачино. Иноходец,,full,finetuned,ambiguous
Алиготе,,crop,base,ambiguous
Алиготе,,full,base,ambiguous
Алиготе,,crop,finetuned,ambiguous
Алиготе,,full,finetuned,ambiguous
Пино Нуар розе,,crop,base,ambiguous
Пино Нуар розе,,full,base,ambiguous
Пино Нуар розе,,crop,finetuned,ambiguous
Пино Нуар розе,,full,finetuned,ambiguous
Саперави,,crop,base,ambiguous
Саперави,,full,base,ambiguous
Саперави,,crop,finetuned,ambiguous
Саперави,,full,finetuned,ambiguous
Каберне Совиньон - Мерло,,crop,base,ambiguous
Каберне Совиньон - Мерло,,full,base,ambiguous
Каберне Совиньон - Мерло,,crop,finetuned,ambiguous
Каберне Совиньон - Мерло,,full,finetuned,ambiguous
Саперави,,crop,base,ambiguous
Саперави,,full,base,ambiguous
Саперави,,crop,finetuned,ambiguous
Саперави,,full,finetuned,ambiguous
Каберне Совиньон,,crop,base,ambiguous
Каберне Совиньон,,full,base,ambiguous
Каберне Совиньон,,crop,finetuned,ambiguous
Каберне Совиньон,,full,finetuned,ambiguous
Кларет,,crop,base,ambiguous
Кларет,,full,base,ambiguous
Кларет,,crop,finetuned,ambiguous
Кларет,,full,finetuned,ambiguous
Мерло,,crop,base,ambiguous
Мерло,,full,base,ambiguous
Мерло,,crop,finetuned,ambiguous
Мерло,,full,finetuned,ambiguous
Каберне Совиньон,,crop,base,ambiguous
Каберне Совиньон,,full,base,ambiguous
Каберне Совиньон,,crop,finetuned,ambiguous
Каберне Совиньон,,full,finetuned,ambiguous
Мерло,,crop,base,ambiguous
Мерло,,full,base,ambiguous
Мерло,,crop,finetuned,ambiguous
Мерло,,full,finetuned,ambiguous
Каберне Фран,,crop,base,ambiguous
Каберне Фран,,full,base,ambiguous
Каберне Фран,,crop,finetuned,ambiguous
Каберне Фран,,full,finetuned,ambiguous
Каберне Совиньон,,crop,base,ambiguous
Каберне Совиньон,,full,base,ambiguous
Каберне Совиньон,,crop,finetuned,ambiguous
Каберне Совиньон,,full,finetuned,ambiguous
Рислинг,,crop,base,ambiguous
Рислинг,,full,base,ambiguous
Рислинг,,crop,finetuned,ambiguous
Рислинг,,full,finetuned,ambiguous
Рислинг,,crop,base,ambiguous
Рислинг,,full,base,ambiguous
Рислинг,,crop,finetuned,ambiguous
Рислинг,,full,finetuned,ambiguous
Шардоне,,crop,base,ambiguous
Шардоне,,full,base,ambiguous
Шардоне,,crop,finetuned,ambiguous
Шардоне,,full,finetuned,ambiguous
Азюр,,crop,base,ambiguous
Азюр,,full,base,ambiguous
Азюр,,crop,finetuned,ambiguous
Азюр,,full,finetuned,ambiguous
Азюр,,crop,base,ambiguous
Азюр,,full,base,ambiguous
Азюр,,crop,finetuned,ambiguous
Азюр,,full,finetuned,ambiguous
Эстер,,crop,base,ambiguous
Эстер,,full,base,ambiguous
Эстер,,crop,finetuned,ambiguous
Эстер,,full,finetuned,ambiguous
Эстер,,crop,base,ambiguous
Эстер,,full,base,ambiguous
Эстер,,crop,finetuned,ambiguous
Эстер,,full,finetuned,ambiguous
Рислинг,,crop,base,ambiguous
Рислинг,,full,base,ambiguous
Рислинг,,crop,finetuned,ambiguous
Рислинг,,full,finetuned,ambiguous
Вионье,,crop,base,ambiguous
Вионье,,full,base,ambiguous
Вионье,,crop,finetuned,ambiguous
Вионье,,full,finetuned,ambiguous
Каберне Совиньон,,crop,base,ambiguous
Каберне Совиньон,,full,base,ambiguous
Каберне Совиньон,,crop,finetuned,ambiguous
Каберне Совиньон,,full,finetuned,ambiguous
Красностоп Золотовский,,crop,base,ambiguous
Красностоп Золотовский,,full,base,ambiguous
Красностоп Золотовский,,crop,finetuned,ambiguous
Красностоп Золотовский,,full,finetuned,ambiguous
Мерло,,crop,base,ambiguous
Мерло,,full,base,ambiguous
Мерло,,crop,finetuned,ambiguous
Мерло,,full,finetuned,ambiguous
Ркацители,,crop,base,ambiguous
Ркацители,,full,base,ambiguous
Ркацители,,crop,finetuned,ambiguous
Ркацители,,full,finetuned,ambiguous
Ассамбляж,,crop,base,ambiguous
Ассамбляж,,full,base,ambiguous
Ассамбляж,,crop,finetuned,ambiguous
Ассамбляж,,full,finetuned,ambiguous
Мерло,,crop,base,ambiguous
Мерло,,full,base,ambiguous
Мерло,,crop,finetuned,ambiguous
Мерло,,full,finetuned,ambiguous
Рислинг,,crop,base,ambiguous
Рислинг,,full,base,ambiguous
Рислинг,,crop,finetuned,ambiguous
Рислинг,,full,finetuned,ambiguous
Вионье,,crop,base,ambiguous
Вионье,,full,base,ambiguous
Вионье,,crop,finetuned,ambiguous
Вионье,,full,finetuned,ambiguous
Красностоп Золотовский,,crop,base,ambiguous
Красностоп Золотовский,,full,base,ambiguous
Красностоп Золотовский,,crop,finetuned,ambiguous
Красностоп Золотовский,,full,finetuned,ambiguous
Красностоп Золотовский,,crop,base,ambiguous
Красностоп Золотовский,,full,base,ambiguous
Красностоп Золотовский,,crop,finetuned,ambiguous
Красностоп Золотовский,,full,finetuned,ambiguous
Blanc de Blancs,,crop,base,ambiguous
Blanc de Blancs,,full,base,ambiguous
Blanc de Blancs,,crop,finetuned,ambiguous
Blanc de Blancs,,full,finetuned,ambiguous
Каберне Фран,,crop,base,ambiguous
Каберне Фран,,full,base,ambiguous
Каберне Фран,,crop,finetuned,ambiguous
Каберне Фран,,full,finetuned,ambiguous
Каберне Совиньон,,crop,base,ambiguous
Каберне Совиньон,,full,base,ambiguous
Каберне Совиньон,,crop,finetuned,ambiguous
Каберне Совиньон,,full,finetuned,ambiguous
Марселан,,crop,base,ambiguous
Марселан,,full,base,ambiguous
Марселан,,crop,finetuned,ambiguous
Марселан,,full,finetuned,ambiguous
Марселан,,crop,base,ambiguous
Марселан,,full,base,ambiguous
Марселан,,crop,finetuned,ambiguous
Марселан,,full,finetuned,ambiguous
Пино Гриджио,,crop,base,ambiguous
Пино Гриджио,,full,base,ambiguous
Пино Гриджио,,crop,finetuned,ambiguous
Пино Гриджио,,full,finetuned,ambiguous
Рислинг,,crop,base,ambiguous
Рислинг,,full,base,ambiguous
Рислинг,,crop,finetuned,ambiguous
Рислинг,,full,finetuned,ambiguous
Шардоне,,crop,base,ambiguous
Шардоне,,full,base,ambiguous
Шардоне,,crop,finetuned,ambiguous
Шардоне,,full,finetuned,ambiguous
Шардоне,,crop,base,ambiguous
Шардоне,,full,base,ambiguous
Шардоне,,crop,finetuned,ambiguous
Шардоне,,full,finetuned,ambiguous
Шираз,,crop,base,ambiguous
Шираз,,full,base,ambiguous
Шираз,,crop,finetuned,ambiguous
Шираз,,full,finetuned,ambiguous
Совиньон Блан,,crop,base,ambiguous
Совиньон Блан,,full,base,ambiguous
Совиньон Блан,,crop,finetuned,ambiguous
Совиньон Блан,,full,finetuned,ambiguous
Темпранильо,,crop,base,ambiguous
Темпранильо,,full,base,ambiguous
Темпранильо,,crop,finetuned,ambiguous
Темпранильо,,full,finetuned,ambiguous
Розовое,,crop,base,ambiguous
Розовое,,full,base,ambiguous
Розовое,,crop,finetuned,ambiguous
Розовое,,full,finetuned,ambiguous
Ренессанс Шардоне,,crop,base,ambiguous
Ренессанс Шардоне,,full,base,ambiguous
Ренессанс Шардоне,,crop,finetuned,ambiguous
Ренессанс Шардоне,,full,finetuned,ambiguous
Ренессанс Шардоне,,crop,base,ambiguous
Ренессанс Шардоне,,full,base,ambiguous
Ренессанс Шардоне,,crop,finetuned,ambiguous
Ренессанс Шардоне,,full,finetuned,ambiguous
Алиготе,,crop,base,ambiguous
Алиготе,,full,base,ambiguous
Алиготе,,crop,finetuned,ambiguous
Алиготе,,full,finetuned,ambiguous
Шардоне Резерв,,crop,base,ambiguous
Шардоне Резерв,,full,base,ambiguous
Шардоне Резерв,,crop,finetuned,ambiguous
Шардоне Резерв,,full,finetuned,ambiguous
Каберне Совиньон,,crop,base,ambiguous
Каберне Совиньон,,full,base,ambiguous
Каберне Совиньон,,crop,finetuned,ambiguous
Каберне Совиньон,,full,finetuned,ambiguous
Красностоп Золотовский,,crop,base,ambiguous
Красностоп Золотовский,,full,base,ambiguous
Красностоп Золотовский,,crop,finetuned,ambiguous
Красностоп Золотовский,,full,finetuned,ambiguous
Ркацители,,crop,base,ambiguous
Ркацители,,full,base,ambiguous
Ркацители,,crop,finetuned,ambiguous
Ркацители,,full,finetuned,ambiguous
Сибирьковый,,crop,base,ambiguous
Сибирьковый,,full,base,ambiguous
Сибирьковый,,crop,finetuned,ambiguous
Сибирьковый,,full,finetuned,ambiguous
Цимлянский Черный брют розе,,crop,base,ambiguous
Цимлянский Черный брют розе,,full,base,ambiguous
Цимлянский Черный брют розе,,crop,finetuned,ambiguous
Цимлянский Черный брют розе,,full,finetuned,ambiguous
Цимлянский Черный брют розе,,crop,base,ambiguous
Цимлянский Черный брют розе,,full,base,ambiguous
Цимлянский Черный брют розе,,crop,finetuned,ambiguous
Цимлянский Черный брют розе,,full,finetuned,ambiguous
Саперави,,crop,base,ambiguous
Саперави,,full,base,ambiguous
Саперави,,crop,finetuned,ambiguous
Саперави,,full,finetuned,ambiguous
Каберне Совиньон АртВин,,crop,base,not_found
Каберне Совиньон АртВин,,full,base,not_found
Каберне Совиньон АртВин,,crop,finetuned,not_found
Каберне Совиньон АртВин,,full,finetuned,not_found
Кокур,,crop,base,ambiguous
Кокур,,full,base,ambiguous
Кокур,,crop,finetuned,ambiguous
Кокур,,full,finetuned,ambiguous
Пино Блан,,crop,base,ambiguous
Пино Блан,,full,base,ambiguous
Пино Блан,,crop,finetuned,ambiguous
Пино Блан,,full,finetuned,ambiguous
Рислинг,,crop,base,ambiguous
Рислинг,,full,base,ambiguous
Рислинг,,crop,finetuned,ambiguous
Рислинг,,full,finetuned,ambiguous
KOKUR YAIYLA,,crop,base,not_found
KOKUR YAIYLA,,full,base,not_found
KOKUR YAIYLA,,crop,finetuned,not_found
KOKUR YAIYLA,,full,finetuned,not_found
Бастардо,,crop,base,ambiguous
Бастардо,,full,base,ambiguous
Бастардо,,crop,finetuned,ambiguous
Бастардо,,full,finetuned,ambiguous
Мерло,,crop,base,ambiguous
Мерло,,full,base,ambiguous
Мерло,,crop,finetuned,ambiguous
Мерло,,full,finetuned,ambiguous
Ркацители,,crop,base,ambiguous
Ркацители,,full,base,ambiguous
Ркацители,,crop,finetuned,ambiguous
Ркацители,,full,finetuned,ambiguous
Шардоне,,crop,base,ambiguous
Шардоне,,full,base,ambiguous
Шардоне,,crop,finetuned,ambiguous
Шардоне,,full,finetuned,ambiguous
Blanc De Neige,,crop,base,ambiguous
Blanc De Neige,,full,base,ambiguous
Blanc De Neige,,crop,finetuned,ambiguous
Blanc De Neige,,full,finetuned,ambiguous
